Date,Product,Quantity_Sold,Revenue,Temperature,Rain_mm,Weather
2024-01-01,Coffee,88,220.0,21.7,0.0,Sunny
2024-01-01,Tea,70,140.0,21.7,0.0,Sunny
2024-01-01,Pastry,44,132.0,21.7,0.0,Sunny
2024-01-01,Juice,34,95.19999999999999,21.7,0.0,Sunny
2024-01-02,Coffee,94,235.0,26.0,0.0,Sunny
2024-01-02,Tea,58,116.0,26.0,0.0,Sunny
2024-01-02,Pastry,42,126.0,26.0,0.0,Sunny
2024-01-02,Juice,36,100.8,26.0,0.0,Sunny
2024-01-03,Coffee,100,250.0,23.1,0.0,Sunny
2024-01-03,Tea,51,102.0,23.1,0.0,Sunny
2024-01-03,Pastry,46,138.0,23.1,0.0,Sunny
2024-01-03,Juice,30,84.0,23.1,0.0,Sunny
2024-01-04,Coffee,86,215.0,26.8,0.0,Sunny
2024-01-04,Tea,54,108.0,26.8,0.0,Sunny
2024-01-04,Pastry,36,108.0,26.8,0.0,Sunny
2024-01-04,Juice,41,114.8,26.8,0.0,Sunny
2024-01-05,Coffee,84,210.0,25.7,6.4,Stormy
2024-01-05,Tea,42,84.0,25.7,6.4,Stormy
2024-01-05,Pastry,38,114.0,25.7,6.4,Stormy
2024-01-05,Juice,47,131.6,25.7,6.4,Stormy
2024-01-06,Coffee,101,252.5,27.6,0.0,Sunny
2024-01-06,Tea,68,136.0,27.6,0.0,Sunny
2024-01-06,Pastry,34,102.0,27.6,0.0,Sunny
2024-01-06,Juice,47,131.6,27.6,0.0,Sunny
2024-01-07,Coffee,113,282.5,22.5,0.0,Cloudy
2024-01-07,Tea,56,112.0,22.5,0.0,Cloudy
2024-01-07,Pastry,36,108.0,22.5,0.0,Cloudy
2024-01-07,Juice,44,123.19999999999999,22.5,0.0,Cloudy
2024-01-08,Coffee,86,215.0,21.1,1.6,Rainy
2024-01-08,Tea,66,132.0,21.1,1.6,Rainy
2024-01-08,Pastry,45,135.0,21.1,1.6,Rainy
2024-01-08,Juice,40,112.0,21.1,1.6,Rainy
2024-01-09,Coffee,100,250.0,20.7,0.0,Sunny
2024-01-09,Tea,54,108.0,20.7,0.0,Sunny
2024-01-09,Pastry,45,135.0,20.7,0.0,Sunny
2024-01-09,Juice,29,81.19999999999999,20.7,0.0,Sunny
2024-01-10,Coffee,118,295.0,28.1,0.0,Sunny
2024-01-10,Tea,63,126.0,28.1,0.0,Sunny
2024-01-10,Pastry,46,138.0,28.1,0.0,Sunny
2024-01-10,Juice,49,137.2,28.1,0.0,Sunny
2024-01-11,Coffee,91,227.5,21.1,0.3,Rainy
2024-01-11,Tea,58,116.0,21.1,0.3,Rainy
2024-01-11,Pastry,31,93.0,21.1,0.3,Rainy
2024-01-11,Juice,53,148.39999999999998,21.1,0.3,Rainy
2024-01-12,Coffee,106,265.0,27.0,0.0,Cloudy
2024-01-12,Tea,54,108.0,27.0,0.0,Cloudy
2024-01-12,Pastry,36,108.0,27.0,0.0,Cloudy
2024-01-12,Juice,40,112.0,27.0,0.0,Cloudy
2024-01-13,Coffee,88,220.0,24.4,0.0,Sunny
2024-01-13,Tea,64,128.0,24.4,0.0,Sunny
2024-01-13,Pastry,35,105.0,24.4,0.0,Sunny
2024-01-13,Juice,37,103.6,24.4,0.0,Sunny
2024-01-14,Coffee,101,252.5,25.9,0.0,Cloudy
2024-01-14,Tea,69,138.0,25.9,0.0,Cloudy
2024-01-14,Pastry,33,99.0,25.9,0.0,Cloudy
2024-01-14,Juice,42,117.6,25.9,0.0,Cloudy
2024-01-15,Coffee,104,260.0,20.3,0.0,Sunny
2024-01-15,Tea,64,128.0,20.3,0.0,Sunny
2024-01-15,Pastry,52,156.0,20.3,0.0,Sunny
2024-01-15,Juice,37,103.6,20.3,0.0,Sunny
2024-01-16,Coffee,92,230.0,22.2,5.2,Rainy
2024-01-16,Tea,68,136.0,22.2,5.2,Rainy
2024-01-16,Pastry,40,120.0,22.2,5.2,Rainy
2024-01-16,Juice,50,140.0,22.2,5.2,Rainy
2024-01-17,Coffee,115,287.5,28.9,0.0,Sunny
2024-01-17,Tea,67,134.0,28.9,0.0,Sunny
2024-01-17,Pastry,29,87.0,28.9,0.0,Sunny
2024-01-17,Juice,50,140.0,28.9,0.0,Sunny
2024-01-18,Coffee,85,212.5,22.4,0.0,Sunny
2024-01-18,Tea,61,122.0,22.4,0.0,Sunny
2024-01-18,Pastry,43,129.0,22.4,0.0,Sunny
2024-01-18,Juice,44,123.19999999999999,22.4,0.0,Sunny
2024-01-19,Coffee,112,280.0,27.3,0.0,Sunny
2024-01-19,Tea,61,122.0,27.3,0.0,Sunny
2024-01-19,Pastry,37,111.0,27.3,0.0,Sunny
2024-01-19,Juice,38,106.39999999999999,27.3,0.0,Sunny
2024-01-20,Coffee,109,272.5,28.8,0.0,Cloudy
2024-01-20,Tea,62,124.0,28.8,0.0,Cloudy
2024-01-20,Pastry,34,102.0,28.8,0.0,Cloudy
2024-01-20,Juice,36,100.8,28.8,0.0,Cloudy
2024-01-21,Coffee,112,280.0,24.6,0.0,Cloudy
2024-01-21,Tea,57,114.0,24.6,0.0,Cloudy
2024-01-21,Pastry,36,108.0,24.6,0.0,Cloudy
2024-01-21,Juice,41,114.8,24.6,0.0,Cloudy
2024-01-22,Coffee,102,255.0,27.2,0.0,Cloudy
2024-01-22,Tea,50,100.0,27.2,0.0,Cloudy
2024-01-22,Pastry,49,147.0,27.2,0.0,Cloudy
2024-01-22,Juice,44,123.19999999999999,27.2,0.0,Cloudy
2024-01-23,Coffee,116,290.0,27.7,0.0,Sunny
2024-01-23,Tea,60,120.0,27.7,0.0,Sunny
2024-01-23,Pastry,43,129.0,27.7,0.0,Sunny
2024-01-23,Juice,37,103.6,27.7,0.0,Sunny
2024-01-24,Coffee,102,255.0,23.2,0.0,Sunny
2024-01-24,Tea,59,118.0,23.2,0.0,Sunny
2024-01-24,Pastry,36,108.0,23.2,0.0,Sunny
2024-01-24,Juice,21,58.8,23.2,0.0,Sunny
2024-01-25,Coffee,108,270.0,19.3,1.8,Rainy
2024-01-25,Tea,63,126.0,19.3,1.8,Rainy
2024-01-25,Pastry,26,78.0,19.3,1.8,Rainy
2024-01-25,Juice,41,114.8,19.3,1.8,Rainy
2024-01-26,Coffee,95,237.5,24.0,0.0,Cloudy
2024-01-26,Tea,54,108.0,24.0,0.0,Cloudy
2024-01-26,Pastry,29,87.0,24.0,0.0,Cloudy
2024-01-26,Juice,44,123.19999999999999,24.0,0.0,Cloudy
2024-01-27,Coffee,101,252.5,23.6,0.0,Sunny
2024-01-27,Tea,64,128.0,23.6,0.0,Sunny
2024-01-27,Pastry,41,123.0,23.6,0.0,Sunny
2024-01-27,Juice,38,106.39999999999999,23.6,0.0,Sunny
2024-01-28,Coffee,108,270.0,23.0,0.0,Sunny
2024-01-28,Tea,49,98.0,23.0,0.0,Sunny
2024-01-28,Pastry,44,132.0,23.0,0.0,Sunny
2024-01-28,Juice,30,84.0,23.0,0.0,Sunny
2024-01-29,Coffee,97,242.5,24.2,0.0,Sunny
2024-01-29,Tea,63,126.0,24.2,0.0,Sunny
2024-01-29,Pastry,38,114.0,24.2,0.0,Sunny
2024-01-29,Juice,40,112.0,24.2,0.0,Sunny
2024-01-30,Coffee,89,222.5,21.3,0.0,Cloudy
2024-01-30,Tea,63,126.0,21.3,0.0,Cloudy
2024-01-30,Pastry,41,123.0,21.3,0.0,Cloudy
2024-01-30,Juice,43,120.39999999999999,21.3,0.0,Cloudy
2024-01-31,Coffee,90,225.0,24.5,0.0,Cloudy
2024-01-31,Tea,48,96.0,24.5,0.0,Cloudy
2024-01-31,Pastry,30,90.0,24.5,0.0,Cloudy
2024-01-31,Juice,28,78.39999999999999,24.5,0.0,Cloudy
2024-02-01,Coffee,110,275.0,23.8,0.1,Rainy
2024-02-01,Tea,49,98.0,23.8,0.1,Rainy
2024-02-01,Pastry,42,126.0,23.8,0.1,Rainy
2024-02-01,Juice,45,125.99999999999999,23.8,0.1,Rainy
2024-02-02,Coffee,97,242.5,26.7,0.0,Sunny
2024-02-02,Tea,67,134.0,26.7,0.0,Sunny
2024-02-02,Pastry,39,117.0,26.7,0.0,Sunny
2024-02-02,Juice,45,125.99999999999999,26.7,0.0,Sunny
2024-02-03,Coffee,111,277.5,19.9,1.8,Rainy
2024-02-03,Tea,71,142.0,19.9,1.8,Rainy
2024-02-03,Pastry,30,90.0,19.9,1.8,Rainy
2024-02-03,Juice,41,114.8,19.9,1.8,Rainy
2024-02-04,Coffee,105,262.5,22.0,0.0,Sunny
2024-02-04,Tea,67,134.0,22.0,0.0,Sunny
2024-02-04,Pastry,30,90.0,22.0,0.0,Sunny
2024-02-04,Juice,27,75.6,22.0,0.0,Sunny
2024-02-05,Coffee,114,285.0,21.4,0.0,Sunny
2024-02-05,Tea,49,98.0,21.4,0.0,Sunny
2024-02-05,Pastry,45,135.0,21.4,0.0,Sunny
2024-02-05,Juice,30,84.0,21.4,0.0,Sunny
2024-02-06,Coffee,96,240.0,23.6,0.0,Cloudy
2024-02-06,Tea,57,114.0,23.6,0.0,Cloudy
2024-02-06,Pastry,46,138.0,23.6,0.0,Cloudy
2024-02-06,Juice,39,109.19999999999999,23.6,0.0,Cloudy
2024-02-07,Coffee,100,250.0,25.7,0.0,Sunny
2024-02-07,Tea,59,118.0,25.7,0.0,Sunny
2024-02-07,Pastry,31,93.0,25.7,0.0,Sunny
2024-02-07,Juice,43,120.39999999999999,25.7,0.0,Sunny
2024-02-08,Coffee,93,232.5,24.7,0.0,Cloudy
2024-02-08,Tea,46,92.0,24.7,0.0,Cloudy
2024-02-08,Pastry,42,126.0,24.7,0.0,Cloudy
2024-02-08,Juice,39,109.19999999999999,24.7,0.0,Cloudy
2024-02-09,Coffee,115,287.5,26.2,0.0,Cloudy
2024-02-09,Tea,55,110.0,26.2,0.0,Cloudy
2024-02-09,Pastry,49,147.0,26.2,0.0,Cloudy
2024-02-09,Juice,42,117.6,26.2,0.0,Cloudy
2024-02-10,Coffee,102,255.0,18.6,0.0,Sunny
2024-02-10,Tea,65,130.0,18.6,0.0,Sunny
2024-02-10,Pastry,36,108.0,18.6,0.0,Sunny
2024-02-10,Juice,43,120.39999999999999,18.6,0.0,Sunny
2024-02-11,Coffee,122,305.0,20.4,4.3,Rainy
2024-02-11,Tea,63,126.0,20.4,4.3,Rainy
2024-02-11,Pastry,25,75.0,20.4,4.3,Rainy
2024-02-11,Juice,38,106.39999999999999,20.4,4.3,Rainy
2024-02-12,Coffee,111,277.5,25.9,1.2,Stormy
2024-02-12,Tea,58,116.0,25.9,1.2,Stormy
2024-02-12,Pastry,48,144.0,25.9,1.2,Stormy
2024-02-12,Juice,39,109.19999999999999,25.9,1.2,Stormy
2024-02-13,Coffee,91,227.5,21.7,2.3,Stormy
2024-02-13,Tea,63,126.0,21.7,2.3,Stormy
2024-02-13,Pastry,31,93.0,21.7,2.3,Stormy
2024-02-13,Juice,40,112.0,21.7,2.3,Stormy
2024-02-14,Coffee,102,255.0,25.5,0.0,Cloudy
2024-02-14,Tea,58,116.0,25.5,0.0,Cloudy
2024-02-14,Pastry,42,126.0,25.5,0.0,Cloudy
2024-02-14,Juice,34,95.19999999999999,25.5,0.0,Cloudy
2024-02-15,Coffee,96,240.0,28.5,0.0,Sunny
2024-02-15,Tea,57,114.0,28.5,0.0,Sunny
2024-02-15,Pastry,50,150.0,28.5,0.0,Sunny
2024-02-15,Juice,40,112.0,28.5,0.0,Sunny
2024-02-16,Coffee,122,305.0,27.9,0.0,Sunny
2024-02-16,Tea,74,148.0,27.9,0.0,Sunny
2024-02-16,Pastry,35,105.0,27.9,0.0,Sunny
2024-02-16,Juice,37,103.6,27.9,0.0,Sunny
2024-02-17,Coffee,82,205.0,26.0,0.0,Sunny
2024-02-17,Tea,50,100.0,26.0,0.0,Sunny
2024-02-17,Pastry,32,96.0,26.0,0.0,Sunny
2024-02-17,Juice,33,92.39999999999999,26.0,0.0,Sunny
2024-02-18,Coffee,90,225.0,28.2,0.5,Rainy
2024-02-18,Tea,51,102.0,28.2,0.5,Rainy
2024-02-18,Pastry,33,99.0,28.2,0.5,Rainy
2024-02-18,Juice,31,86.8,28.2,0.5,Rainy
2024-02-19,Coffee,96,240.0,24.0,0.0,Sunny
2024-02-19,Tea,64,128.0,24.0,0.0,Sunny
2024-02-19,Pastry,46,138.0,24.0,0.0,Sunny
2024-02-19,Juice,51,142.79999999999998,24.0,0.0,Sunny
2024-02-20,Coffee,90,225.0,26.8,0.0,Sunny
2024-02-20,Tea,57,114.0,26.8,0.0,Sunny
2024-02-20,Pastry,42,126.0,26.8,0.0,Sunny
2024-02-20,Juice,39,109.19999999999999,26.8,0.0,Sunny
2024-02-21,Coffee,92,230.0,27.3,0.0,Sunny
2024-02-21,Tea,71,142.0,27.3,0.0,Sunny
2024-02-21,Pastry,41,123.0,27.3,0.0,Sunny
2024-02-21,Juice,39,109.19999999999999,27.3,0.0,Sunny
2024-02-22,Coffee,91,227.5,22.7,0.0,Sunny
2024-02-22,Tea,62,124.0,22.7,0.0,Sunny
2024-02-22,Pastry,46,138.0,22.7,0.0,Sunny
2024-02-22,Juice,30,84.0,22.7,0.0,Sunny
2024-02-23,Coffee,108,270.0,20.7,0.0,Cloudy
2024-02-23,Tea,50,100.0,20.7,0.0,Cloudy
2024-02-23,Pastry,37,111.0,20.7,0.0,Cloudy
2024-02-23,Juice,41,114.8,20.7,0.0,Cloudy
2024-02-24,Coffee,88,220.0,20.8,0.3,Stormy
2024-02-24,Tea,51,102.0,20.8,0.3,Stormy
2024-02-24,Pastry,36,108.0,20.8,0.3,Stormy
2024-02-24,Juice,49,137.2,20.8,0.3,Stormy
2024-02-25,Coffee,86,215.0,26.7,0.0,Cloudy
2024-02-25,Tea,68,136.0,26.7,0.0,Cloudy
2024-02-25,Pastry,33,99.0,26.7,0.0,Cloudy
2024-02-25,Juice,52,145.6,26.7,0.0,Cloudy
2024-02-26,Coffee,90,225.0,27.8,0.0,Cloudy
2024-02-26,Tea,58,116.0,27.8,0.0,Cloudy
2024-02-26,Pastry,35,105.0,27.8,0.0,Cloudy
2024-02-26,Juice,42,117.6,27.8,0.0,Cloudy
2024-02-27,Coffee,88,220.0,22.7,0.0,Cloudy
2024-02-27,Tea,61,122.0,22.7,0.0,Cloudy
2024-02-27,Pastry,37,111.0,22.7,0.0,Cloudy
2024-02-27,Juice,37,103.6,22.7,0.0,Cloudy
2024-02-28,Coffee,103,257.5,28.3,0.0,Sunny
2024-02-28,Tea,58,116.0,28.3,0.0,Sunny
2024-02-28,Pastry,57,171.0,28.3,0.0,Sunny
2024-02-28,Juice,33,92.39999999999999,28.3,0.0,Sunny
2024-02-29,Coffee,102,255.0,27.3,0.0,Cloudy
2024-02-29,Tea,50,100.0,27.3,0.0,Cloudy
2024-02-29,Pastry,34,102.0,27.3,0.0,Cloudy
2024-02-29,Juice,33,92.39999999999999,27.3,0.0,Cloudy
2024-03-01,Coffee,113,282.5,18.4,0.0,Cloudy
2024-03-01,Tea,68,136.0,18.4,0.0,Cloudy
2024-03-01,Pastry,38,114.0,18.4,0.0,Cloudy
2024-03-01,Juice,36,100.8,18.4,0.0,Cloudy
2024-03-02,Coffee,92,230.0,26.1,0.0,Cloudy
2024-03-02,Tea,57,114.0,26.1,0.0,Cloudy
2024-03-02,Pastry,50,150.0,26.1,0.0,Cloudy
2024-03-02,Juice,42,117.6,26.1,0.0,Cloudy
2024-03-03,Coffee,101,252.5,26.5,0.0,Sunny
2024-03-03,Tea,67,134.0,26.5,0.0,Sunny
2024-03-03,Pastry,36,108.0,26.5,0.0,Sunny
2024-03-03,Juice,45,125.99999999999999,26.5,0.0,Sunny
2024-03-04,Coffee,108,270.0,28.7,0.0,Cloudy
2024-03-04,Tea,56,112.0,28.7,0.0,Cloudy
2024-03-04,Pastry,31,93.0,28.7,0.0,Cloudy
2024-03-04,Juice,32,89.6,28.7,0.0,Cloudy
2024-03-05,Coffee,107,267.5,23.7,0.0,Cloudy
2024-03-05,Tea,63,126.0,23.7,0.0,Cloudy
2024-03-05,Pastry,41,123.0,23.7,0.0,Cloudy
2024-03-05,Juice,37,103.6,23.7,0.0,Cloudy
2024-03-06,Coffee,97,242.5,20.3,2.2,Rainy
2024-03-06,Tea,77,154.0,20.3,2.2,Rainy
2024-03-06,Pastry,42,126.0,20.3,2.2,Rainy
2024-03-06,Juice,42,117.6,20.3,2.2,Rainy
2024-03-07,Coffee,117,292.5,22.3,3.0,Rainy
2024-03-07,Tea,51,102.0,22.3,3.0,Rainy
2024-03-07,Pastry,42,126.0,22.3,3.0,Rainy
2024-03-07,Juice,51,142.79999999999998,22.3,3.0,Rainy
2024-03-08,Coffee,87,217.5,27.2,0.0,Sunny
2024-03-08,Tea,70,140.0,27.2,0.0,Sunny
2024-03-08,Pastry,42,126.0,27.2,0.0,Sunny
2024-03-08,Juice,27,75.6,27.2,0.0,Sunny
2024-03-09,Coffee,95,237.5,24.6,6.3,Rainy
2024-03-09,Tea,66,132.0,24.6,6.3,Rainy
2024-03-09,Pastry,34,102.0,24.6,6.3,Rainy
2024-03-09,Juice,32,89.6,24.6,6.3,Rainy
2024-03-10,Coffee,98,245.0,18.0,0.0,Sunny
2024-03-10,Tea,57,114.0,18.0,0.0,Sunny
2024-03-10,Pastry,42,126.0,18.0,0.0,Sunny
2024-03-10,Juice,43,120.39999999999999,18.0,0.0,Sunny
2024-03-11,Coffee,103,257.5,24.2,0.2,Stormy
2024-03-11,Tea,66,132.0,24.2,0.2,Stormy
2024-03-11,Pastry,49,147.0,24.2,0.2,Stormy
2024-03-11,Juice,34,95.19999999999999,24.2,0.2,Stormy
2024-03-12,Coffee,102,255.0,21.7,0.0,Sunny
2024-03-12,Tea,67,134.0,21.7,0.0,Sunny
2024-03-12,Pastry,40,120.0,21.7,0.0,Sunny
2024-03-12,Juice,38,106.39999999999999,21.7,0.0,Sunny
2024-03-13,Coffee,121,302.5,25.9,0.0,Sunny
2024-03-13,Tea,54,108.0,25.9,0.0,Sunny
2024-03-13,Pastry,38,114.0,25.9,0.0,Sunny
2024-03-13,Juice,33,92.39999999999999,25.9,0.0,Sunny
2024-03-14,Coffee,91,227.5,24.2,0.0,Cloudy
2024-03-14,Tea,67,134.0,24.2,0.0,Cloudy
2024-03-14,Pastry,43,129.0,24.2,0.0,Cloudy
2024-03-14,Juice,30,84.0,24.2,0.0,Cloudy
2024-03-15,Coffee,97,242.5,25.7,0.0,Cloudy
2024-03-15,Tea,53,106.0,25.7,0.0,Cloudy
2024-03-15,Pastry,49,147.0,25.7,0.0,Cloudy
2024-03-15,Juice,29,81.19999999999999,25.7,0.0,Cloudy
2024-03-16,Coffee,89,222.5,25.8,0.0,Sunny
2024-03-16,Tea,58,116.0,25.8,0.0,Sunny
2024-03-16,Pastry,47,141.0,25.8,0.0,Sunny
2024-03-16,Juice,35,98.0,25.8,0.0,Sunny
2024-03-17,Coffee,97,242.5,27.3,0.0,Cloudy
2024-03-17,Tea,58,116.0,27.3,0.0,Cloudy
2024-03-17,Pastry,32,96.0,27.3,0.0,Cloudy
2024-03-17,Juice,40,112.0,27.3,0.0,Cloudy
2024-03-18,Coffee,98,245.0,20.8,0.0,Cloudy
2024-03-18,Tea,54,108.0,20.8,0.0,Cloudy
2024-03-18,Pastry,42,126.0,20.8,0.0,Cloudy
2024-03-18,Juice,32,89.6,20.8,0.0,Cloudy
2024-03-19,Coffee,86,215.0,21.1,0.8,Stormy
2024-03-19,Tea,55,110.0,21.1,0.8,Stormy
2024-03-19,Pastry,43,129.0,21.1,0.8,Stormy
2024-03-19,Juice,34,95.19999999999999,21.1,0.8,Stormy
2024-03-20,Coffee,115,287.5,25.3,0.0,Sunny
2024-03-20,Tea,62,124.0,25.3,0.0,Sunny
2024-03-20,Pastry,43,129.0,25.3,0.0,Sunny
2024-03-20,Juice,50,140.0,25.3,0.0,Sunny
2024-03-21,Coffee,89,222.5,23.1,0.0,Sunny
2024-03-21,Tea,47,94.0,23.1,0.0,Sunny
2024-03-21,Pastry,35,105.0,23.1,0.0,Sunny
2024-03-21,Juice,36,100.8,23.1,0.0,Sunny
2024-03-22,Coffee,94,235.0,25.1,0.0,Cloudy
2024-03-22,Tea,59,118.0,25.1,0.0,Cloudy
2024-03-22,Pastry,52,156.0,25.1,0.0,Cloudy
2024-03-22,Juice,34,95.19999999999999,25.1,0.0,Cloudy
2024-03-23,Coffee,100,250.0,23.3,0.0,Sunny
2024-03-23,Tea,56,112.0,23.3,0.0,Sunny
2024-03-23,Pastry,31,93.0,23.3,0.0,Sunny
2024-03-23,Juice,44,123.19999999999999,23.3,0.0,Sunny
2024-03-24,Coffee,98,245.0,25.4,0.0,Cloudy
2024-03-24,Tea,68,136.0,25.4,0.0,Cloudy
2024-03-24,Pastry,44,132.0,25.4,0.0,Cloudy
2024-03-24,Juice,42,117.6,25.4,0.0,Cloudy
2024-03-25,Coffee,90,225.0,24.8,0.0,Sunny
2024-03-25,Tea,70,140.0,24.8,0.0,Sunny
2024-03-25,Pastry,46,138.0,24.8,0.0,Sunny
2024-03-25,Juice,44,123.19999999999999,24.8,0.0,Sunny
2024-03-26,Coffee,100,250.0,26.9,0.0,Sunny
2024-03-26,Tea,74,148.0,26.9,0.0,Sunny
2024-03-26,Pastry,41,123.0,26.9,0.0,Sunny
2024-03-26,Juice,36,100.8,26.9,0.0,Sunny
2024-03-27,Coffee,112,280.0,24.9,5.0,Stormy
2024-03-27,Tea,68,136.0,24.9,5.0,Stormy
2024-03-27,Pastry,42,126.0,24.9,5.0,Stormy
2024-03-27,Juice,31,86.8,24.9,5.0,Stormy
2024-03-28,Coffee,95,237.5,27.0,0.0,Cloudy
2024-03-28,Tea,45,90.0,27.0,0.0,Cloudy
2024-03-28,Pastry,41,123.0,27.0,0.0,Cloudy
2024-03-28,Juice,36,100.8,27.0,0.0,Cloudy
2024-03-29,Coffee,113,282.5,18.0,0.1,Rainy
2024-03-29,Tea,70,140.0,18.0,0.1,Rainy
2024-03-29,Pastry,45,135.0,18.0,0.1,Rainy
2024-03-29,Juice,40,112.0,18.0,0.1,Rainy
2024-03-30,Coffee,108,270.0,23.8,10.4,Rainy
2024-03-30,Tea,58,116.0,23.8,10.4,Rainy
2024-03-30,Pastry,35,105.0,23.8,10.4,Rainy
2024-03-30,Juice,37,103.6,23.8,10.4,Rainy
2024-03-31,Coffee,105,262.5,19.2,0.0,Sunny
2024-03-31,Tea,77,154.0,19.2,0.0,Sunny
2024-03-31,Pastry,30,90.0,19.2,0.0,Sunny
2024-03-31,Juice,39,109.19999999999999,19.2,0.0,Sunny
2024-04-01,Coffee,121,302.5,21.4,0.0,Sunny
2024-04-01,Tea,62,124.0,21.4,0.0,Sunny
2024-04-01,Pastry,35,105.0,21.4,0.0,Sunny
2024-04-01,Juice,34,95.19999999999999,21.4,0.0,Sunny
2024-04-02,Coffee,89,222.5,23.5,0.0,Cloudy
2024-04-02,Tea,66,132.0,23.5,0.0,Cloudy
2024-04-02,Pastry,34,102.0,23.5,0.0,Cloudy
2024-04-02,Juice,41,114.8,23.5,0.0,Cloudy
2024-04-03,Coffee,84,210.0,24.5,0.0,Cloudy
2024-04-03,Tea,54,108.0,24.5,0.0,Cloudy
2024-04-03,Pastry,43,129.0,24.5,0.0,Cloudy
2024-04-03,Juice,30,84.0,24.5,0.0,Cloudy
2024-04-04,Coffee,100,250.0,27.7,0.0,Sunny
2024-04-04,Tea,53,106.0,27.7,0.0,Sunny
2024-04-04,Pastry,29,87.0,27.7,0.0,Sunny
2024-04-04,Juice,40,112.0,27.7,0.0,Sunny
2024-04-05,Coffee,111,277.5,22.1,0.0,Cloudy
2024-04-05,Tea,64,128.0,22.1,0.0,Cloudy
2024-04-05,Pastry,35,105.0,22.1,0.0,Cloudy
2024-04-05,Juice,46,128.79999999999998,22.1,0.0,Cloudy
2024-04-06,Coffee,106,265.0,23.2,4.5,Rainy
2024-04-06,Tea,63,126.0,23.2,4.5,Rainy
2024-04-06,Pastry,33,99.0,23.2,4.5,Rainy
2024-04-06,Juice,48,134.39999999999998,23.2,4.5,Rainy
2024-04-07,Coffee,95,237.5,24.1,0.3,Rainy
2024-04-07,Tea,51,102.0,24.1,0.3,Rainy
2024-04-07,Pastry,47,141.0,24.1,0.3,Rainy
2024-04-07,Juice,42,117.6,24.1,0.3,Rainy
2024-04-08,Coffee,85,212.5,29.5,0.0,Cloudy
2024-04-08,Tea,61,122.0,29.5,0.0,Cloudy
2024-04-08,Pastry,37,111.0,29.5,0.0,Cloudy
2024-04-08,Juice,52,145.6,29.5,0.0,Cloudy
2024-04-09,Coffee,81,202.5,22.6,2.9,Rainy
2024-04-09,Tea,65,130.0,22.6,2.9,Rainy
2024-04-09,Pastry,41,123.0,22.6,2.9,Rainy
2024-04-09,Juice,42,117.6,22.6,2.9,Rainy
2024-04-10,Coffee,65,162.5,20.3,3.5,Rainy
2024-04-10,Tea,56,112.0,20.3,3.5,Rainy
2024-04-10,Pastry,45,135.0,20.3,3.5,Rainy
2024-04-10,Juice,39,109.19999999999999,20.3,3.5,Rainy
2024-04-11,Coffee,99,247.5,26.1,1.4,Stormy
2024-04-11,Tea,67,134.0,26.1,1.4,Stormy
2024-04-11,Pastry,34,102.0,26.1,1.4,Stormy
2024-04-11,Juice,43,120.39999999999999,26.1,1.4,Stormy
2024-04-12,Coffee,98,245.0,27.0,0.0,Sunny
2024-04-12,Tea,58,116.0,27.0,0.0,Sunny
2024-04-12,Pastry,49,147.0,27.0,0.0,Sunny
2024-04-12,Juice,34,95.19999999999999,27.0,0.0,Sunny
2024-04-13,Coffee,96,240.0,24.7,0.0,Cloudy
2024-04-13,Tea,59,118.0,24.7,0.0,Cloudy
2024-04-13,Pastry,47,141.0,24.7,0.0,Cloudy
2024-04-13,Juice,42,117.6,24.7,0.0,Cloudy
2024-04-14,Coffee,109,272.5,25.6,0.0,Sunny
2024-04-14,Tea,49,98.0,25.6,0.0,Sunny
2024-04-14,Pastry,43,129.0,25.6,0.0,Sunny
2024-04-14,Juice,34,95.19999999999999,25.6,0.0,Sunny
2024-04-15,Coffee,102,255.0,27.1,0.0,Sunny
2024-04-15,Tea,67,134.0,27.1,0.0,Sunny
2024-04-15,Pastry,39,117.0,27.1,0.0,Sunny
2024-04-15,Juice,28,78.39999999999999,27.1,0.0,Sunny
2024-04-16,Coffee,106,265.0,20.2,0.0,Sunny
2024-04-16,Tea,67,134.0,20.2,0.0,Sunny
2024-04-16,Pastry,40,120.0,20.2,0.0,Sunny
2024-04-16,Juice,32,89.6,20.2,0.0,Sunny
2024-04-17,Coffee,106,265.0,27.3,0.0,Cloudy
2024-04-17,Tea,60,120.0,27.3,0.0,Cloudy
2024-04-17,Pastry,37,111.0,27.3,0.0,Cloudy
2024-04-17,Juice,29,81.19999999999999,27.3,0.0,Cloudy
2024-04-18,Coffee,110,275.0,30.4,0.0,Sunny
2024-04-18,Tea,51,102.0,30.4,0.0,Sunny
2024-04-18,Pastry,43,129.0,30.4,0.0,Sunny
2024-04-18,Juice,26,72.8,30.4,0.0,Sunny
2024-04-19,Coffee,113,282.5,26.9,0.0,Cloudy
2024-04-19,Tea,67,134.0,26.9,0.0,Cloudy
2024-04-19,Pastry,46,138.0,26.9,0.0,Cloudy
2024-04-19,Juice,49,137.2,26.9,0.0,Cloudy
2024-04-20,Coffee,107,267.5,28.2,1.9,Rainy
2024-04-20,Tea,44,88.0,28.2,1.9,Rainy
2024-04-20,Pastry,33,99.0,28.2,1.9,Rainy
2024-04-20,Juice,37,103.6,28.2,1.9,Rainy
2024-04-21,Coffee,105,262.5,22.9,0.0,Cloudy
2024-04-21,Tea,61,122.0,22.9,0.0,Cloudy
2024-04-21,Pastry,34,102.0,22.9,0.0,Cloudy
2024-04-21,Juice,28,78.39999999999999,22.9,0.0,Cloudy
2024-04-22,Coffee,107,267.5,28.3,0.0,Sunny
2024-04-22,Tea,58,116.0,28.3,0.0,Sunny
2024-04-22,Pastry,41,123.0,28.3,0.0,Sunny
2024-04-22,Juice,44,123.19999999999999,28.3,0.0,Sunny
2024-04-23,Coffee,98,245.0,21.7,5.8,Rainy
2024-04-23,Tea,62,124.0,21.7,5.8,Rainy
2024-04-23,Pastry,34,102.0,21.7,5.8,Rainy
2024-04-23,Juice,42,117.6,21.7,5.8,Rainy
2024-04-24,Coffee,89,222.5,26.5,0.0,Sunny
2024-04-24,Tea,84,168.0,26.5,0.0,Sunny
2024-04-24,Pastry,48,144.0,26.5,0.0,Sunny
2024-04-24,Juice,35,98.0,26.5,0.0,Sunny
2024-04-25,Coffee,100,250.0,25.8,0.0,Sunny
2024-04-25,Tea,62,124.0,25.8,0.0,Sunny
2024-04-25,Pastry,38,114.0,25.8,0.0,Sunny
2024-04-25,Juice,35,98.0,25.8,0.0,Sunny
2024-04-26,Coffee,92,230.0,23.6,0.0,Sunny
2024-04-26,Tea,51,102.0,23.6,0.0,Sunny
2024-04-26,Pastry,37,111.0,23.6,0.0,Sunny
2024-04-26,Juice,39,109.19999999999999,23.6,0.0,Sunny
2024-04-27,Coffee,106,265.0,26.0,0.0,Cloudy
2024-04-27,Tea,51,102.0,26.0,0.0,Cloudy
2024-04-27,Pastry,45,135.0,26.0,0.0,Cloudy
2024-04-27,Juice,39,109.19999999999999,26.0,0.0,Cloudy
2024-04-28,Coffee,86,215.0,25.1,0.6,Rainy
2024-04-28,Tea,44,88.0,25.1,0.6,Rainy
2024-04-28,Pastry,52,156.0,25.1,0.6,Rainy
2024-04-28,Juice,31,86.8,25.1,0.6,Rainy
2024-04-29,Coffee,100,250.0,22.7,1.0,Rainy
2024-04-29,Tea,81,162.0,22.7,1.0,Rainy
2024-04-29,Pastry,54,162.0,22.7,1.0,Rainy
2024-04-29,Juice,48,134.39999999999998,22.7,1.0,Rainy
2024-04-30,Coffee,87,217.5,31.3,0.0,Cloudy
2024-04-30,Tea,55,110.0,31.3,0.0,Cloudy
2024-04-30,Pastry,34,102.0,31.3,0.0,Cloudy
2024-04-30,Juice,59,165.2,31.3,0.0,Cloudy
2024-05-01,Coffee,98,245.0,24.6,0.0,Cloudy
2024-05-01,Tea,52,104.0,24.6,0.0,Cloudy
2024-05-01,Pastry,43,129.0,24.6,0.0,Cloudy
2024-05-01,Juice,42,117.6,24.6,0.0,Cloudy
2024-05-02,Coffee,91,227.5,28.3,0.0,Cloudy
2024-05-02,Tea,58,116.0,28.3,0.0,Cloudy
2024-05-02,Pastry,31,93.0,28.3,0.0,Cloudy
2024-05-02,Juice,48,134.39999999999998,28.3,0.0,Cloudy
2024-05-03,Coffee,107,267.5,28.6,0.0,Cloudy
2024-05-03,Tea,58,116.0,28.6,0.0,Cloudy
2024-05-03,Pastry,43,129.0,28.6,0.0,Cloudy
2024-05-03,Juice,45,125.99999999999999,28.6,0.0,Cloudy
2024-05-04,Coffee,101,252.5,24.5,0.0,Sunny
2024-05-04,Tea,56,112.0,24.5,0.0,Sunny
2024-05-04,Pastry,38,114.0,24.5,0.0,Sunny
2024-05-04,Juice,38,106.39999999999999,24.5,0.0,Sunny
2024-05-05,Coffee,96,240.0,25.4,0.0,Sunny
2024-05-05,Tea,46,92.0,25.4,0.0,Sunny
2024-05-05,Pastry,43,129.0,25.4,0.0,Sunny
2024-05-05,Juice,39,109.19999999999999,25.4,0.0,Sunny
2024-05-06,Coffee,95,237.5,14.5,0.1,Rainy
2024-05-06,Tea,58,116.0,14.5,0.1,Rainy
2024-05-06,Pastry,41,123.0,14.5,0.1,Rainy
2024-05-06,Juice,45,125.99999999999999,14.5,0.1,Rainy
2024-05-07,Coffee,124,310.0,31.9,0.0,Cloudy
2024-05-07,Tea,52,104.0,31.9,0.0,Cloudy
2024-05-07,Pastry,37,111.0,31.9,0.0,Cloudy
2024-05-07,Juice,40,112.0,31.9,0.0,Cloudy
2024-05-08,Coffee,101,252.5,27.9,0.0,Sunny
2024-05-08,Tea,62,124.0,27.9,0.0,Sunny
2024-05-08,Pastry,35,105.0,27.9,0.0,Sunny
2024-05-08,Juice,31,86.8,27.9,0.0,Sunny
2024-05-09,Coffee,89,222.5,23.1,0.0,Cloudy
2024-05-09,Tea,65,130.0,23.1,0.0,Cloudy
2024-05-09,Pastry,41,123.0,23.1,0.0,Cloudy
2024-05-09,Juice,57,159.6,23.1,0.0,Cloudy
2024-05-10,Coffee,123,307.5,20.3,2.5,Rainy
2024-05-10,Tea,53,106.0,20.3,2.5,Rainy
2024-05-10,Pastry,42,126.0,20.3,2.5,Rainy
2024-05-10,Juice,37,103.6,20.3,2.5,Rainy
2024-05-11,Coffee,93,232.5,25.2,0.0,Cloudy
2024-05-11,Tea,58,116.0,25.2,0.0,Cloudy
2024-05-11,Pastry,30,90.0,25.2,0.0,Cloudy
2024-05-11,Juice,39,109.19999999999999,25.2,0.0,Cloudy
2024-05-12,Coffee,91,227.5,26.9,0.0,Sunny
2024-05-12,Tea,62,124.0,26.9,0.0,Sunny
2024-05-12,Pastry,35,105.0,26.9,0.0,Sunny
2024-05-12,Juice,42,117.6,26.9,0.0,Sunny
2024-05-13,Coffee,106,265.0,26.2,0.4,Stormy
2024-05-13,Tea,58,116.0,26.2,0.4,Stormy
2024-05-13,Pastry,32,96.0,26.2,0.4,Stormy
2024-05-13,Juice,44,123.19999999999999,26.2,0.4,Stormy
2024-05-14,Coffee,96,240.0,21.7,0.0,Sunny
2024-05-14,Tea,60,120.0,21.7,0.0,Sunny
2024-05-14,Pastry,46,138.0,21.7,0.0,Sunny
2024-05-14,Juice,41,114.8,21.7,0.0,Sunny
2024-05-15,Coffee,101,252.5,22.9,0.0,Cloudy
2024-05-15,Tea,56,112.0,22.9,0.0,Cloudy
2024-05-15,Pastry,41,123.0,22.9,0.0,Cloudy
2024-05-15,Juice,39,109.19999999999999,22.9,0.0,Cloudy
2024-05-16,Coffee,101,252.5,22.0,0.0,Cloudy
2024-05-16,Tea,59,118.0,22.0,0.0,Cloudy
2024-05-16,Pastry,37,111.0,22.0,0.0,Cloudy
2024-05-16,Juice,35,98.0,22.0,0.0,Cloudy
2024-05-17,Coffee,101,252.5,26.9,0.0,Sunny
2024-05-17,Tea,60,120.0,26.9,0.0,Sunny
2024-05-17,Pastry,30,90.0,26.9,0.0,Sunny
2024-05-17,Juice,32,89.6,26.9,0.0,Sunny
2024-05-18,Coffee,96,240.0,21.8,0.0,Cloudy
2024-05-18,Tea,75,150.0,21.8,0.0,Cloudy
2024-05-18,Pastry,36,108.0,21.8,0.0,Cloudy
2024-05-18,Juice,39,109.19999999999999,21.8,0.0,Cloudy
2024-05-19,Coffee,117,292.5,22.3,0.0,Cloudy
2024-05-19,Tea,49,98.0,22.3,0.0,Cloudy
2024-05-19,Pastry,38,114.0,22.3,0.0,Cloudy
2024-05-19,Juice,48,134.39999999999998,22.3,0.0,Cloudy
2024-05-20,Coffee,97,242.5,23.5,0.0,Cloudy
2024-05-20,Tea,65,130.0,23.5,0.0,Cloudy
2024-05-20,Pastry,47,141.0,23.5,0.0,Cloudy
2024-05-20,Juice,40,112.0,23.5,0.0,Cloudy
2024-05-21,Coffee,89,222.5,24.3,0.0,Cloudy
2024-05-21,Tea,58,116.0,24.3,0.0,Cloudy
2024-05-21,Pastry,37,111.0,24.3,0.0,Cloudy
2024-05-21,Juice,36,100.8,24.3,0.0,Cloudy
2024-05-22,Coffee,91,227.5,25.8,0.0,Sunny
2024-05-22,Tea,63,126.0,25.8,0.0,Sunny
2024-05-22,Pastry,39,117.0,25.8,0.0,Sunny
2024-05-22,Juice,35,98.0,25.8,0.0,Sunny
2024-05-23,Coffee,94,235.0,22.6,0.0,Sunny
2024-05-23,Tea,64,128.0,22.6,0.0,Sunny
2024-05-23,Pastry,46,138.0,22.6,0.0,Sunny
2024-05-23,Juice,36,100.8,22.6,0.0,Sunny
2024-05-24,Coffee,114,285.0,21.9,0.0,Cloudy
2024-05-24,Tea,52,104.0,21.9,0.0,Cloudy
2024-05-24,Pastry,38,114.0,21.9,0.0,Cloudy
2024-05-24,Juice,45,125.99999999999999,21.9,0.0,Cloudy
2024-05-25,Coffee,97,242.5,24.4,0.0,Sunny
2024-05-25,Tea,66,132.0,24.4,0.0,Sunny
2024-05-25,Pastry,41,123.0,24.4,0.0,Sunny
2024-05-25,Juice,56,156.79999999999998,24.4,0.0,Sunny
2024-05-26,Coffee,112,280.0,19.1,0.0,Sunny
2024-05-26,Tea,60,120.0,19.1,0.0,Sunny
2024-05-26,Pastry,37,111.0,19.1,0.0,Sunny
2024-05-26,Juice,39,109.19999999999999,19.1,0.0,Sunny
2024-05-27,Coffee,99,247.5,31.2,0.0,Sunny
2024-05-27,Tea,67,134.0,31.2,0.0,Sunny
2024-05-27,Pastry,44,132.0,31.2,0.0,Sunny
2024-05-27,Juice,35,98.0,31.2,0.0,Sunny
2024-05-28,Coffee,104,260.0,24.7,0.0,Sunny
2024-05-28,Tea,71,142.0,24.7,0.0,Sunny
2024-05-28,Pastry,42,126.0,24.7,0.0,Sunny
2024-05-28,Juice,40,112.0,24.7,0.0,Sunny
2024-05-29,Coffee,100,250.0,27.8,0.0,Cloudy
2024-05-29,Tea,41,82.0,27.8,0.0,Cloudy
2024-05-29,Pastry,44,132.0,27.8,0.0,Cloudy
2024-05-29,Juice,28,78.39999999999999,27.8,0.0,Cloudy
2024-05-30,Coffee,95,237.5,22.6,0.9,Stormy
2024-05-30,Tea,64,128.0,22.6,0.9,Stormy
2024-05-30,Pastry,33,99.0,22.6,0.9,Stormy
2024-05-30,Juice,43,120.39999999999999,22.6,0.9,Stormy
2024-05-31,Coffee,129,322.5,28.9,0.0,Sunny
2024-05-31,Tea,67,134.0,28.9,0.0,Sunny
2024-05-31,Pastry,38,114.0,28.9,0.0,Sunny
2024-05-31,Juice,31,86.8,28.9,0.0,Sunny
2024-06-01,Coffee,110,275.0,26.4,0.0,Cloudy
2024-06-01,Tea,62,124.0,26.4,0.0,Cloudy
2024-06-01,Pastry,46,138.0,26.4,0.0,Cloudy
2024-06-01,Juice,32,89.6,26.4,0.0,Cloudy
2024-06-02,Coffee,96,240.0,28.5,0.6,Rainy
2024-06-02,Tea,59,118.0,28.5,0.6,Rainy
2024-06-02,Pastry,53,159.0,28.5,0.6,Rainy
2024-06-02,Juice,31,86.8,28.5,0.6,Rainy
2024-06-03,Coffee,112,280.0,18.0,4.2,Rainy
2024-06-03,Tea,73,146.0,18.0,4.2,Rainy
2024-06-03,Pastry,45,135.0,18.0,4.2,Rainy
2024-06-03,Juice,47,131.6,18.0,4.2,Rainy
2024-06-04,Coffee,105,262.5,27.7,0.0,Cloudy
2024-06-04,Tea,75,150.0,27.7,0.0,Cloudy
2024-06-04,Pastry,33,99.0,27.7,0.0,Cloudy
2024-06-04,Juice,44,123.19999999999999,27.7,0.0,Cloudy
2024-06-05,Coffee,107,267.5,28.7,0.0,Sunny
2024-06-05,Tea,62,124.0,28.7,0.0,Sunny
2024-06-05,Pastry,36,108.0,28.7,0.0,Sunny
2024-06-05,Juice,43,120.39999999999999,28.7,0.0,Sunny
2024-06-06,Coffee,99,247.5,25.1,0.0,Sunny
2024-06-06,Tea,54,108.0,25.1,0.0,Sunny
2024-06-06,Pastry,38,114.0,25.1,0.0,Sunny
2024-06-06,Juice,34,95.19999999999999,25.1,0.0,Sunny
2024-06-07,Coffee,96,240.0,21.4,0.0,Cloudy
2024-06-07,Tea,61,122.0,21.4,0.0,Cloudy
2024-06-07,Pastry,45,135.0,21.4,0.0,Cloudy
2024-06-07,Juice,45,125.99999999999999,21.4,0.0,Cloudy
2024-06-08,Coffee,95,237.5,26.3,1.1,Stormy
2024-06-08,Tea,55,110.0,26.3,1.1,Stormy
2024-06-08,Pastry,39,117.0,26.3,1.1,Stormy
2024-06-08,Juice,49,137.2,26.3,1.1,Stormy
2024-06-09,Coffee,96,240.0,30.0,0.0,Sunny
2024-06-09,Tea,48,96.0,30.0,0.0,Sunny
2024-06-09,Pastry,40,120.0,30.0,0.0,Sunny
2024-06-09,Juice,28,78.39999999999999,30.0,0.0,Sunny
2024-06-10,Coffee,102,255.0,22.7,0.0,Cloudy
2024-06-10,Tea,64,128.0,22.7,0.0,Cloudy
2024-06-10,Pastry,35,105.0,22.7,0.0,Cloudy
2024-06-10,Juice,40,112.0,22.7,0.0,Cloudy
2024-06-11,Coffee,106,265.0,28.3,0.0,Sunny
2024-06-11,Tea,60,120.0,28.3,0.0,Sunny
2024-06-11,Pastry,32,96.0,28.3,0.0,Sunny
2024-06-11,Juice,39,109.19999999999999,28.3,0.0,Sunny
2024-06-12,Coffee,103,257.5,23.1,0.0,Sunny
2024-06-12,Tea,63,126.0,23.1,0.0,Sunny
2024-06-12,Pastry,43,129.0,23.1,0.0,Sunny
2024-06-12,Juice,31,86.8,23.1,0.0,Sunny
2024-06-13,Coffee,90,225.0,25.6,2.2,Rainy
2024-06-13,Tea,56,112.0,25.6,2.2,Rainy
2024-06-13,Pastry,35,105.0,25.6,2.2,Rainy
2024-06-13,Juice,35,98.0,25.6,2.2,Rainy
2024-06-14,Coffee,90,225.0,16.2,4.6,Rainy
2024-06-14,Tea,59,118.0,16.2,4.6,Rainy
2024-06-14,Pastry,32,96.0,16.2,4.6,Rainy
2024-06-14,Juice,44,123.19999999999999,16.2,4.6,Rainy
2024-06-15,Coffee,88,220.0,27.7,0.0,Sunny
2024-06-15,Tea,50,100.0,27.7,0.0,Sunny
2024-06-15,Pastry,28,84.0,27.7,0.0,Sunny
2024-06-15,Juice,36,100.8,27.7,0.0,Sunny
2024-06-16,Coffee,116,290.0,27.3,0.0,Sunny
2024-06-16,Tea,54,108.0,27.3,0.0,Sunny
2024-06-16,Pastry,39,117.0,27.3,0.0,Sunny
2024-06-16,Juice,28,78.39999999999999,27.3,0.0,Sunny
2024-06-17,Coffee,97,242.5,25.3,0.0,Sunny
2024-06-17,Tea,72,144.0,25.3,0.0,Sunny
2024-06-17,Pastry,41,123.0,25.3,0.0,Sunny
2024-06-17,Juice,26,72.8,25.3,0.0,Sunny
2024-06-18,Coffee,92,230.0,21.6,0.0,Sunny
2024-06-18,Tea,52,104.0,21.6,0.0,Sunny
2024-06-18,Pastry,42,126.0,21.6,0.0,Sunny
2024-06-18,Juice,31,86.8,21.6,0.0,Sunny
2024-06-19,Coffee,102,255.0,26.9,0.0,Sunny
2024-06-19,Tea,49,98.0,26.9,0.0,Sunny
2024-06-19,Pastry,44,132.0,26.9,0.0,Sunny
2024-06-19,Juice,44,123.19999999999999,26.9,0.0,Sunny
2024-06-20,Coffee,99,247.5,23.7,0.0,Sunny
2024-06-20,Tea,69,138.0,23.7,0.0,Sunny
2024-06-20,Pastry,39,117.0,23.7,0.0,Sunny
2024-06-20,Juice,43,120.39999999999999,23.7,0.0,Sunny
2024-06-21,Coffee,99,247.5,29.2,0.0,Sunny
2024-06-21,Tea,67,134.0,29.2,0.0,Sunny
2024-06-21,Pastry,35,105.0,29.2,0.0,Sunny
2024-06-21,Juice,37,103.6,29.2,0.0,Sunny
2024-06-22,Coffee,92,230.0,25.2,0.0,Cloudy
2024-06-22,Tea,35,70.0,25.2,0.0,Cloudy
2024-06-22,Pastry,39,117.0,25.2,0.0,Cloudy
2024-06-22,Juice,41,114.8,25.2,0.0,Cloudy
2024-06-23,Coffee,96,240.0,28.1,0.0,Sunny
2024-06-23,Tea,81,162.0,28.1,0.0,Sunny
2024-06-23,Pastry,40,120.0,28.1,0.0,Sunny
2024-06-23,Juice,46,128.79999999999998,28.1,0.0,Sunny
2024-06-24,Coffee,109,272.5,26.5,0.0,Cloudy
2024-06-24,Tea,73,146.0,26.5,0.0,Cloudy
2024-06-24,Pastry,33,99.0,26.5,0.0,Cloudy
2024-06-24,Juice,46,128.79999999999998,26.5,0.0,Cloudy
2024-06-25,Coffee,87,217.5,21.2,10.3,Rainy
2024-06-25,Tea,52,104.0,21.2,10.3,Rainy
2024-06-25,Pastry,43,129.0,21.2,10.3,Rainy
2024-06-25,Juice,39,109.19999999999999,21.2,10.3,Rainy
2024-06-26,Coffee,114,285.0,26.5,0.0,Sunny
2024-06-26,Tea,64,128.0,26.5,0.0,Sunny
2024-06-26,Pastry,33,99.0,26.5,0.0,Sunny
2024-06-26,Juice,39,109.19999999999999,26.5,0.0,Sunny
2024-06-27,Coffee,83,207.5,28.6,0.0,Sunny
2024-06-27,Tea,52,104.0,28.6,0.0,Sunny
2024-06-27,Pastry,47,141.0,28.6,0.0,Sunny
2024-06-27,Juice,44,123.19999999999999,28.6,0.0,Sunny
2024-06-28,Coffee,111,277.5,32.8,0.0,Sunny
2024-06-28,Tea,57,114.0,32.8,0.0,Sunny
2024-06-28,Pastry,47,141.0,32.8,0.0,Sunny
2024-06-28,Juice,33,92.39999999999999,32.8,0.0,Sunny
2024-06-29,Coffee,95,237.5,21.3,0.4,Rainy
2024-06-29,Tea,66,132.0,21.3,0.4,Rainy
2024-06-29,Pastry,42,126.0,21.3,0.4,Rainy
2024-06-29,Juice,47,131.6,21.3,0.4,Rainy
2024-06-30,Coffee,87,217.5,23.9,2.5,Stormy
2024-06-30,Tea,56,112.0,23.9,2.5,Stormy
2024-06-30,Pastry,28,84.0,23.9,2.5,Stormy
2024-06-30,Juice,48,134.39999999999998,23.9,2.5,Stormy
2024-07-01,Coffee,100,250.0,24.6,3.0,Rainy
2024-07-01,Tea,53,106.0,24.6,3.0,Rainy
2024-07-01,Pastry,36,108.0,24.6,3.0,Rainy
2024-07-01,Juice,52,145.6,24.6,3.0,Rainy
2024-07-02,Coffee,109,272.5,21.0,0.0,Cloudy
2024-07-02,Tea,54,108.0,21.0,0.0,Cloudy
2024-07-02,Pastry,43,129.0,21.0,0.0,Cloudy
2024-07-02,Juice,31,86.8,21.0,0.0,Cloudy
2024-07-03,Coffee,86,215.0,25.4,0.0,Sunny
2024-07-03,Tea,73,146.0,25.4,0.0,Sunny
2024-07-03,Pastry,48,144.0,25.4,0.0,Sunny
2024-07-03,Juice,50,140.0,25.4,0.0,Sunny
2024-07-04,Coffee,94,235.0,25.3,0.0,Rainy
2024-07-04,Tea,55,110.0,25.3,0.0,Rainy
2024-07-04,Pastry,31,93.0,25.3,0.0,Rainy
2024-07-04,Juice,41,114.8,25.3,0.0,Rainy
2024-07-05,Coffee,94,235.0,24.9,0.0,Sunny
2024-07-05,Tea,55,110.0,24.9,0.0,Sunny
2024-07-05,Pastry,45,135.0,24.9,0.0,Sunny
2024-07-05,Juice,43,120.39999999999999,24.9,0.0,Sunny
2024-07-06,Coffee,83,207.5,21.1,0.5,Rainy
2024-07-06,Tea,67,134.0,21.1,0.5,Rainy
2024-07-06,Pastry,48,144.0,21.1,0.5,Rainy
2024-07-06,Juice,28,78.39999999999999,21.1,0.5,Rainy
2024-07-07,Coffee,102,255.0,25.8,0.0,Cloudy
2024-07-07,Tea,58,116.0,25.8,0.0,Cloudy
2024-07-07,Pastry,39,117.0,25.8,0.0,Cloudy
2024-07-07,Juice,42,117.6,25.8,0.0,Cloudy
2024-07-08,Coffee,103,257.5,26.9,0.0,Sunny
2024-07-08,Tea,62,124.0,26.9,0.0,Sunny
2024-07-08,Pastry,35,105.0,26.9,0.0,Sunny
2024-07-08,Juice,30,84.0,26.9,0.0,Sunny
2024-07-09,Coffee,103,257.5,26.3,0.0,Sunny
2024-07-09,Tea,60,120.0,26.3,0.0,Sunny
2024-07-09,Pastry,28,84.0,26.3,0.0,Sunny
2024-07-09,Juice,37,103.6,26.3,0.0,Sunny
2024-07-10,Coffee,87,217.5,25.4,0.0,Sunny
2024-07-10,Tea,60,120.0,25.4,0.0,Sunny
2024-07-10,Pastry,42,126.0,25.4,0.0,Sunny
2024-07-10,Juice,34,95.19999999999999,25.4,0.0,Sunny
2024-07-11,Coffee,102,255.0,28.3,0.0,Sunny
2024-07-11,Tea,55,110.0,28.3,0.0,Sunny
2024-07-11,Pastry,38,114.0,28.3,0.0,Sunny
2024-07-11,Juice,42,117.6,28.3,0.0,Sunny
2024-07-12,Coffee,100,250.0,23.3,0.0,Sunny
2024-07-12,Tea,60,120.0,23.3,0.0,Sunny
2024-07-12,Pastry,36,108.0,23.3,0.0,Sunny
2024-07-12,Juice,38,106.39999999999999,23.3,0.0,Sunny
2024-07-13,Coffee,110,275.0,24.3,0.9,Rainy
2024-07-13,Tea,63,126.0,24.3,0.9,Rainy
2024-07-13,Pastry,35,105.0,24.3,0.9,Rainy
2024-07-13,Juice,42,117.6,24.3,0.9,Rainy
2024-07-14,Coffee,97,242.5,29.6,0.0,Sunny
2024-07-14,Tea,57,114.0,29.6,0.0,Sunny
2024-07-14,Pastry,38,114.0,29.6,0.0,Sunny
2024-07-14,Juice,28,78.39999999999999,29.6,0.0,Sunny
2024-07-15,Coffee,105,262.5,25.5,0.0,Sunny
2024-07-15,Tea,62,124.0,25.5,0.0,Sunny
2024-07-15,Pastry,42,126.0,25.5,0.0,Sunny
2024-07-15,Juice,44,123.19999999999999,25.5,0.0,Sunny
2024-07-16,Coffee,101,252.5,23.3,0.2,Rainy
2024-07-16,Tea,55,110.0,23.3,0.2,Rainy
2024-07-16,Pastry,41,123.0,23.3,0.2,Rainy
2024-07-16,Juice,31,86.8,23.3,0.2,Rainy
2024-07-17,Coffee,112,280.0,27.6,0.0,Sunny
2024-07-17,Tea,58,116.0,27.6,0.0,Sunny
2024-07-17,Pastry,36,108.0,27.6,0.0,Sunny
2024-07-17,Juice,46,128.79999999999998,27.6,0.0,Sunny
2024-07-18,Coffee,117,292.5,28.9,0.0,Cloudy
2024-07-18,Tea,56,112.0,28.9,0.0,Cloudy
2024-07-18,Pastry,37,111.0,28.9,0.0,Cloudy
2024-07-18,Juice,44,123.19999999999999,28.9,0.0,Cloudy
2024-07-19,Coffee,88,220.0,24.2,0.0,Sunny
2024-07-19,Tea,56,112.0,24.2,0.0,Sunny
2024-07-19,Pastry,43,129.0,24.2,0.0,Sunny
2024-07-19,Juice,28,78.39999999999999,24.2,0.0,Sunny
2024-07-20,Coffee,105,262.5,21.4,0.0,Sunny
2024-07-20,Tea,57,114.0,21.4,0.0,Sunny
2024-07-20,Pastry,44,132.0,21.4,0.0,Sunny
2024-07-20,Juice,40,112.0,21.4,0.0,Sunny
2024-07-21,Coffee,74,185.0,24.7,0.0,Cloudy
2024-07-21,Tea,57,114.0,24.7,0.0,Cloudy
2024-07-21,Pastry,39,117.0,24.7,0.0,Cloudy
2024-07-21,Juice,50,140.0,24.7,0.0,Cloudy
2024-07-22,Coffee,114,285.0,26.2,0.9,Stormy
2024-07-22,Tea,57,114.0,26.2,0.9,Stormy
2024-07-22,Pastry,37,111.0,26.2,0.9,Stormy
2024-07-22,Juice,32,89.6,26.2,0.9,Stormy
2024-07-23,Coffee,98,245.0,26.9,0.0,Cloudy
2024-07-23,Tea,54,108.0,26.9,0.0,Cloudy
2024-07-23,Pastry,27,81.0,26.9,0.0,Cloudy
2024-07-23,Juice,41,114.8,26.9,0.0,Cloudy
2024-07-24,Coffee,87,217.5,26.5,0.0,Cloudy
2024-07-24,Tea,63,126.0,26.5,0.0,Cloudy
2024-07-24,Pastry,49,147.0,26.5,0.0,Cloudy
2024-07-24,Juice,41,114.8,26.5,0.0,Cloudy
2024-07-25,Coffee,99,247.5,23.6,0.0,Sunny
2024-07-25,Tea,72,144.0,23.6,0.0,Sunny
2024-07-25,Pastry,41,123.0,23.6,0.0,Sunny
2024-07-25,Juice,32,89.6,23.6,0.0,Sunny
2024-07-26,Coffee,109,272.5,24.7,0.0,Sunny
2024-07-26,Tea,51,102.0,24.7,0.0,Sunny
2024-07-26,Pastry,48,144.0,24.7,0.0,Sunny
2024-07-26,Juice,38,106.39999999999999,24.7,0.0,Sunny
2024-07-27,Coffee,100,250.0,23.2,0.0,Sunny
2024-07-27,Tea,62,124.0,23.2,0.0,Sunny
2024-07-27,Pastry,47,141.0,23.2,0.0,Sunny
2024-07-27,Juice,41,114.8,23.2,0.0,Sunny
2024-07-28,Coffee,98,245.0,29.1,0.0,Sunny
2024-07-28,Tea,71,142.0,29.1,0.0,Sunny
2024-07-28,Pastry,49,147.0,29.1,0.0,Sunny
2024-07-28,Juice,40,112.0,29.1,0.0,Sunny
2024-07-29,Coffee,107,267.5,21.9,2.9,Rainy
2024-07-29,Tea,50,100.0,21.9,2.9,Rainy
2024-07-29,Pastry,37,111.0,21.9,2.9,Rainy
2024-07-29,Juice,36,100.8,21.9,2.9,Rainy
2024-07-30,Coffee,111,277.5,23.8,0.0,Stormy
2024-07-30,Tea,69,138.0,23.8,0.0,Stormy
2024-07-30,Pastry,32,96.0,23.8,0.0,Stormy
2024-07-30,Juice,45,125.99999999999999,23.8,0.0,Stormy
2024-07-31,Coffee,84,210.0,26.1,0.0,Cloudy
2024-07-31,Tea,46,92.0,26.1,0.0,Cloudy
2024-07-31,Pastry,38,114.0,26.1,0.0,Cloudy
2024-07-31,Juice,37,103.6,26.1,0.0,Cloudy
2024-08-01,Coffee,101,252.5,25.2,7.4,Rainy
2024-08-01,Tea,46,92.0,25.2,7.4,Rainy
2024-08-01,Pastry,46,138.0,25.2,7.4,Rainy
2024-08-01,Juice,26,72.8,25.2,7.4,Rainy
2024-08-02,Coffee,93,232.5,22.0,0.0,Sunny
2024-08-02,Tea,74,148.0,22.0,0.0,Sunny
2024-08-02,Pastry,50,150.0,22.0,0.0,Sunny
2024-08-02,Juice,39,109.19999999999999,22.0,0.0,Sunny
2024-08-03,Coffee,96,240.0,22.7,0.0,Cloudy
2024-08-03,Tea,60,120.0,22.7,0.0,Cloudy
2024-08-03,Pastry,42,126.0,22.7,0.0,Cloudy
2024-08-03,Juice,28,78.39999999999999,22.7,0.0,Cloudy
2024-08-04,Coffee,110,275.0,27.5,0.0,Sunny
2024-08-04,Tea,60,120.0,27.5,0.0,Sunny
2024-08-04,Pastry,45,135.0,27.5,0.0,Sunny
2024-08-04,Juice,40,112.0,27.5,0.0,Sunny
2024-08-05,Coffee,104,260.0,26.7,0.0,Sunny
2024-08-05,Tea,66,132.0,26.7,0.0,Sunny
2024-08-05,Pastry,25,75.0,26.7,0.0,Sunny
2024-08-05,Juice,44,123.19999999999999,26.7,0.0,Sunny
2024-08-06,Coffee,96,240.0,19.4,0.3,Rainy
2024-08-06,Tea,69,138.0,19.4,0.3,Rainy
2024-08-06,Pastry,39,117.0,19.4,0.3,Rainy
2024-08-06,Juice,38,106.39999999999999,19.4,0.3,Rainy
2024-08-07,Coffee,106,265.0,28.4,0.0,Sunny
2024-08-07,Tea,57,114.0,28.4,0.0,Sunny
2024-08-07,Pastry,44,132.0,28.4,0.0,Sunny
2024-08-07,Juice,33,92.39999999999999,28.4,0.0,Sunny
2024-08-08,Coffee,94,235.0,25.3,0.0,Cloudy
2024-08-08,Tea,67,134.0,25.3,0.0,Cloudy
2024-08-08,Pastry,26,78.0,25.3,0.0,Cloudy
2024-08-08,Juice,55,154.0,25.3,0.0,Cloudy
2024-08-09,Coffee,99,247.5,25.6,0.0,Sunny
2024-08-09,Tea,57,114.0,25.6,0.0,Sunny
2024-08-09,Pastry,38,114.0,25.6,0.0,Sunny
2024-08-09,Juice,48,134.39999999999998,25.6,0.0,Sunny
2024-08-10,Coffee,91,227.5,28.1,0.0,Cloudy
2024-08-10,Tea,62,124.0,28.1,0.0,Cloudy
2024-08-10,Pastry,32,96.0,28.1,0.0,Cloudy
2024-08-10,Juice,45,125.99999999999999,28.1,0.0,Cloudy
2024-08-11,Coffee,97,242.5,24.8,0.0,Cloudy
2024-08-11,Tea,55,110.0,24.8,0.0,Cloudy
2024-08-11,Pastry,27,81.0,24.8,0.0,Cloudy
2024-08-11,Juice,40,112.0,24.8,0.0,Cloudy
2024-08-12,Coffee,97,242.5,21.3,1.7,Rainy
2024-08-12,Tea,62,124.0,21.3,1.7,Rainy
2024-08-12,Pastry,39,117.0,21.3,1.7,Rainy
2024-08-12,Juice,40,112.0,21.3,1.7,Rainy
2024-08-13,Coffee,109,272.5,22.0,0.0,Sunny
2024-08-13,Tea,50,100.0,22.0,0.0,Sunny
2024-08-13,Pastry,45,135.0,22.0,0.0,Sunny
2024-08-13,Juice,31,86.8,22.0,0.0,Sunny
2024-08-14,Coffee,100,250.0,27.9,0.0,Sunny
2024-08-14,Tea,57,114.0,27.9,0.0,Sunny
2024-08-14,Pastry,36,108.0,27.9,0.0,Sunny
2024-08-14,Juice,39,109.19999999999999,27.9,0.0,Sunny
2024-08-15,Coffee,81,202.5,22.8,0.0,Sunny
2024-08-15,Tea,54,108.0,22.8,0.0,Sunny
2024-08-15,Pastry,45,135.0,22.8,0.0,Sunny
2024-08-15,Juice,53,148.39999999999998,22.8,0.0,Sunny
2024-08-16,Coffee,96,240.0,26.6,0.2,Stormy
2024-08-16,Tea,52,104.0,26.6,0.2,Stormy
2024-08-16,Pastry,42,126.0,26.6,0.2,Stormy
2024-08-16,Juice,41,114.8,26.6,0.2,Stormy
2024-08-17,Coffee,97,242.5,22.2,2.5,Rainy
2024-08-17,Tea,54,108.0,22.2,2.5,Rainy
2024-08-17,Pastry,51,153.0,22.2,2.5,Rainy
2024-08-17,Juice,39,109.19999999999999,22.2,2.5,Rainy
2024-08-18,Coffee,125,312.5,21.7,0.0,Cloudy
2024-08-18,Tea,54,108.0,21.7,0.0,Cloudy
2024-08-18,Pastry,43,129.0,21.7,0.0,Cloudy
2024-08-18,Juice,36,100.8,21.7,0.0,Cloudy
2024-08-19,Coffee,101,252.5,24.5,0.0,Sunny
2024-08-19,Tea,41,82.0,24.5,0.0,Sunny
2024-08-19,Pastry,39,117.0,24.5,0.0,Sunny
2024-08-19,Juice,48,134.39999999999998,24.5,0.0,Sunny
2024-08-20,Coffee,98,245.0,25.1,0.8,Stormy
2024-08-20,Tea,46,92.0,25.1,0.8,Stormy
2024-08-20,Pastry,45,135.0,25.1,0.8,Stormy
2024-08-20,Juice,40,112.0,25.1,0.8,Stormy
2024-08-21,Coffee,104,260.0,26.0,0.0,Sunny
2024-08-21,Tea,51,102.0,26.0,0.0,Sunny
2024-08-21,Pastry,45,135.0,26.0,0.0,Sunny
2024-08-21,Juice,37,103.6,26.0,0.0,Sunny
2024-08-22,Coffee,95,237.5,21.2,0.0,Sunny
2024-08-22,Tea,65,130.0,21.2,0.0,Sunny
2024-08-22,Pastry,39,117.0,21.2,0.0,Sunny
2024-08-22,Juice,40,112.0,21.2,0.0,Sunny
2024-08-23,Coffee,94,235.0,26.8,0.0,Sunny
2024-08-23,Tea,57,114.0,26.8,0.0,Sunny
2024-08-23,Pastry,54,162.0,26.8,0.0,Sunny
2024-08-23,Juice,37,103.6,26.8,0.0,Sunny
2024-08-24,Coffee,105,262.5,19.1,0.0,Sunny
2024-08-24,Tea,48,96.0,19.1,0.0,Sunny
2024-08-24,Pastry,34,102.0,19.1,0.0,Sunny
2024-08-24,Juice,23,64.39999999999999,19.1,0.0,Sunny
2024-08-25,Coffee,123,307.5,24.7,0.8,Rainy
2024-08-25,Tea,58,116.0,24.7,0.8,Rainy
2024-08-25,Pastry,40,120.0,24.7,0.8,Rainy
2024-08-25,Juice,36,100.8,24.7,0.8,Rainy
2024-08-26,Coffee,100,250.0,26.2,1.6,Rainy
2024-08-26,Tea,62,124.0,26.2,1.6,Rainy
2024-08-26,Pastry,37,111.0,26.2,1.6,Rainy
2024-08-26,Juice,34,95.19999999999999,26.2,1.6,Rainy
2024-08-27,Coffee,120,300.0,23.8,0.0,Sunny
2024-08-27,Tea,58,116.0,23.8,0.0,Sunny
2024-08-27,Pastry,47,141.0,23.8,0.0,Sunny
2024-08-27,Juice,44,123.19999999999999,23.8,0.0,Sunny
2024-08-28,Coffee,98,245.0,19.7,0.0,Cloudy
2024-08-28,Tea,50,100.0,19.7,0.0,Cloudy
2024-08-28,Pastry,40,120.0,19.7,0.0,Cloudy
2024-08-28,Juice,36,100.8,19.7,0.0,Cloudy
2024-08-29,Coffee,129,322.5,26.0,0.0,Sunny
2024-08-29,Tea,64,128.0,26.0,0.0,Sunny
2024-08-29,Pastry,47,141.0,26.0,0.0,Sunny
2024-08-29,Juice,36,100.8,26.0,0.0,Sunny
2024-08-30,Coffee,96,240.0,23.6,0.0,Cloudy
2024-08-30,Tea,66,132.0,23.6,0.0,Cloudy
2024-08-30,Pastry,42,126.0,23.6,0.0,Cloudy
2024-08-30,Juice,29,81.19999999999999,23.6,0.0,Cloudy
2024-08-31,Coffee,89,222.5,26.4,0.0,Cloudy
2024-08-31,Tea,41,82.0,26.4,0.0,Cloudy
2024-08-31,Pastry,42,126.0,26.4,0.0,Cloudy
2024-08-31,Juice,44,123.19999999999999,26.4,0.0,Cloudy
2024-09-01,Coffee,96,240.0,31.0,0.0,Sunny
2024-09-01,Tea,68,136.0,31.0,0.0,Sunny
2024-09-01,Pastry,44,132.0,31.0,0.0,Sunny
2024-09-01,Juice,51,142.79999999999998,31.0,0.0,Sunny
2024-09-02,Coffee,113,282.5,34.3,0.0,Cloudy
2024-09-02,Tea,68,136.0,34.3,0.0,Cloudy
2024-09-02,Pastry,37,111.0,34.3,0.0,Cloudy
2024-09-02,Juice,44,123.19999999999999,34.3,0.0,Cloudy
2024-09-03,Coffee,96,240.0,25.0,0.0,Cloudy
2024-09-03,Tea,67,134.0,25.0,0.0,Cloudy
2024-09-03,Pastry,38,114.0,25.0,0.0,Cloudy
2024-09-03,Juice,47,131.6,25.0,0.0,Cloudy
2024-09-04,Coffee,92,230.0,27.0,0.0,Cloudy
2024-09-04,Tea,68,136.0,27.0,0.0,Cloudy
2024-09-04,Pastry,58,174.0,27.0,0.0,Cloudy
2024-09-04,Juice,40,112.0,27.0,0.0,Cloudy
2024-09-05,Coffee,97,242.5,23.5,2.0,Rainy
2024-09-05,Tea,70,140.0,23.5,2.0,Rainy
2024-09-05,Pastry,36,108.0,23.5,2.0,Rainy
2024-09-05,Juice,48,134.39999999999998,23.5,2.0,Rainy
2024-09-06,Coffee,92,230.0,23.4,0.0,Cloudy
2024-09-06,Tea,62,124.0,23.4,0.0,Cloudy
2024-09-06,Pastry,50,150.0,23.4,0.0,Cloudy
2024-09-06,Juice,43,120.39999999999999,23.4,0.0,Cloudy
2024-09-07,Coffee,96,240.0,22.0,0.0,Cloudy
2024-09-07,Tea,56,112.0,22.0,0.0,Cloudy
2024-09-07,Pastry,38,114.0,22.0,0.0,Cloudy
2024-09-07,Juice,46,128.79999999999998,22.0,0.0,Cloudy
2024-09-08,Coffee,105,262.5,21.7,0.0,Sunny
2024-09-08,Tea,44,88.0,21.7,0.0,Sunny
2024-09-08,Pastry,53,159.0,21.7,0.0,Sunny
2024-09-08,Juice,43,120.39999999999999,21.7,0.0,Sunny
2024-09-09,Coffee,85,212.5,29.6,0.0,Sunny
2024-09-09,Tea,55,110.0,29.6,0.0,Sunny
2024-09-09,Pastry,40,120.0,29.6,0.0,Sunny
2024-09-09,Juice,60,168.0,29.6,0.0,Sunny
2024-09-10,Coffee,107,267.5,23.5,0.0,Sunny
2024-09-10,Tea,58,116.0,23.5,0.0,Sunny
2024-09-10,Pastry,38,114.0,23.5,0.0,Sunny
2024-09-10,Juice,34,95.19999999999999,23.5,0.0,Sunny
2024-09-11,Coffee,82,205.0,27.8,0.0,Sunny
2024-09-11,Tea,78,156.0,27.8,0.0,Sunny
2024-09-11,Pastry,30,90.0,27.8,0.0,Sunny
2024-09-11,Juice,42,117.6,27.8,0.0,Sunny
2024-09-12,Coffee,92,230.0,21.1,0.0,Sunny
2024-09-12,Tea,65,130.0,21.1,0.0,Sunny
2024-09-12,Pastry,36,108.0,21.1,0.0,Sunny
2024-09-12,Juice,42,117.6,21.1,0.0,Sunny
2024-09-13,Coffee,106,265.0,21.4,2.2,Rainy
2024-09-13,Tea,58,116.0,21.4,2.2,Rainy
2024-09-13,Pastry,41,123.0,21.4,2.2,Rainy
2024-09-13,Juice,39,109.19999999999999,21.4,2.2,Rainy
2024-09-14,Coffee,111,277.5,25.8,0.0,Sunny
2024-09-14,Tea,48,96.0,25.8,0.0,Sunny
2024-09-14,Pastry,39,117.0,25.8,0.0,Sunny
2024-09-14,Juice,39,109.19999999999999,25.8,0.0,Sunny
2024-09-15,Coffee,104,260.0,30.2,0.0,Sunny
2024-09-15,Tea,65,130.0,30.2,0.0,Sunny
2024-09-15,Pastry,34,102.0,30.2,0.0,Sunny
2024-09-15,Juice,45,125.99999999999999,30.2,0.0,Sunny
2024-09-16,Coffee,91,227.5,29.1,0.0,Sunny
2024-09-16,Tea,54,108.0,29.1,0.0,Sunny
2024-09-16,Pastry,39,117.0,29.1,0.0,Sunny
2024-09-16,Juice,42,117.6,29.1,0.0,Sunny
2024-09-17,Coffee,119,297.5,26.5,0.0,Sunny
2024-09-17,Tea,52,104.0,26.5,0.0,Sunny
2024-09-17,Pastry,45,135.0,26.5,0.0,Sunny
2024-09-17,Juice,40,112.0,26.5,0.0,Sunny
2024-09-18,Coffee,117,292.5,26.4,0.0,Sunny
2024-09-18,Tea,61,122.0,26.4,0.0,Sunny
2024-09-18,Pastry,37,111.0,26.4,0.0,Sunny
2024-09-18,Juice,43,120.39999999999999,26.4,0.0,Sunny
2024-09-19,Coffee,106,265.0,21.0,0.0,Sunny
2024-09-19,Tea,59,118.0,21.0,0.0,Sunny
2024-09-19,Pastry,52,156.0,21.0,0.0,Sunny
2024-09-19,Juice,47,131.6,21.0,0.0,Sunny
2024-09-20,Coffee,100,250.0,27.1,0.0,Sunny
2024-09-20,Tea,60,120.0,27.1,0.0,Sunny
2024-09-20,Pastry,31,93.0,27.1,0.0,Sunny
2024-09-20,Juice,38,106.39999999999999,27.1,0.0,Sunny
2024-09-21,Coffee,81,202.5,24.2,0.0,Sunny
2024-09-21,Tea,64,128.0,24.2,0.0,Sunny
2024-09-21,Pastry,46,138.0,24.2,0.0,Sunny
2024-09-21,Juice,31,86.8,24.2,0.0,Sunny
2024-09-22,Coffee,92,230.0,24.2,0.0,Sunny
2024-09-22,Tea,61,122.0,24.2,0.0,Sunny
2024-09-22,Pastry,37,111.0,24.2,0.0,Sunny
2024-09-22,Juice,46,128.79999999999998,24.2,0.0,Sunny
2024-09-23,Coffee,100,250.0,21.6,1.1,Rainy
2024-09-23,Tea,70,140.0,21.6,1.1,Rainy
2024-09-23,Pastry,38,114.0,21.6,1.1,Rainy
2024-09-23,Juice,40,112.0,21.6,1.1,Rainy
2024-09-24,Coffee,111,277.5,23.0,2.8,Rainy
2024-09-24,Tea,66,132.0,23.0,2.8,Rainy
2024-09-24,Pastry,42,126.0,23.0,2.8,Rainy
2024-09-24,Juice,43,120.39999999999999,23.0,2.8,Rainy
2024-09-25,Coffee,89,222.5,23.7,0.0,Cloudy
2024-09-25,Tea,65,130.0,23.7,0.0,Cloudy
2024-09-25,Pastry,40,120.0,23.7,0.0,Cloudy
2024-09-25,Juice,29,81.19999999999999,23.7,0.0,Cloudy
2024-09-26,Coffee,114,285.0,24.1,0.0,Sunny
2024-09-26,Tea,57,114.0,24.1,0.0,Sunny
2024-09-26,Pastry,34,102.0,24.1,0.0,Sunny
2024-09-26,Juice,42,117.6,24.1,0.0,Sunny
2024-09-27,Coffee,103,257.5,20.9,0.0,Sunny
2024-09-27,Tea,58,116.0,20.9,0.0,Sunny
2024-09-27,Pastry,41,123.0,20.9,0.0,Sunny
2024-09-27,Juice,44,123.19999999999999,20.9,0.0,Sunny
2024-09-28,Coffee,97,242.5,23.3,0.0,Cloudy
2024-09-28,Tea,63,126.0,23.3,0.0,Cloudy
2024-09-28,Pastry,31,93.0,23.3,0.0,Cloudy
2024-09-28,Juice,31,86.8,23.3,0.0,Cloudy
2024-09-29,Coffee,97,242.5,22.0,0.0,Sunny
2024-09-29,Tea,53,106.0,22.0,0.0,Sunny
2024-09-29,Pastry,38,114.0,22.0,0.0,Sunny
2024-09-29,Juice,46,128.79999999999998,22.0,0.0,Sunny
2024-09-30,Coffee,102,255.0,27.0,0.0,Sunny
2024-09-30,Tea,64,128.0,27.0,0.0,Sunny
2024-09-30,Pastry,41,123.0,27.0,0.0,Sunny
2024-09-30,Juice,40,112.0,27.0,0.0,Sunny
2024-10-01,Coffee,99,247.5,21.0,0.0,Cloudy
2024-10-01,Tea,57,114.0,21.0,0.0,Cloudy
2024-10-01,Pastry,50,150.0,21.0,0.0,Cloudy
2024-10-01,Juice,38,106.39999999999999,21.0,0.0,Cloudy
2024-10-02,Coffee,104,260.0,24.4,0.2,Stormy
2024-10-02,Tea,57,114.0,24.4,0.2,Stormy
2024-10-02,Pastry,41,123.0,24.4,0.2,Stormy
2024-10-02,Juice,34,95.19999999999999,24.4,0.2,Stormy
2024-10-03,Coffee,99,247.5,24.4,0.0,Sunny
2024-10-03,Tea,64,128.0,24.4,0.0,Sunny
2024-10-03,Pastry,43,129.0,24.4,0.0,Sunny
2024-10-03,Juice,45,125.99999999999999,24.4,0.0,Sunny
2024-10-04,Coffee,108,270.0,23.1,0.0,Sunny
2024-10-04,Tea,67,134.0,23.1,0.0,Sunny
2024-10-04,Pastry,46,138.0,23.1,0.0,Sunny
2024-10-04,Juice,32,89.6,23.1,0.0,Sunny
2024-10-05,Coffee,90,225.0,22.8,0.0,Cloudy
2024-10-05,Tea,66,132.0,22.8,0.0,Cloudy
2024-10-05,Pastry,43,129.0,22.8,0.0,Cloudy
2024-10-05,Juice,41,114.8,22.8,0.0,Cloudy
2024-10-06,Coffee,99,247.5,26.6,0.0,Sunny
2024-10-06,Tea,54,108.0,26.6,0.0,Sunny
2024-10-06,Pastry,36,108.0,26.6,0.0,Sunny
2024-10-06,Juice,34,95.19999999999999,26.6,0.0,Sunny
2024-10-07,Coffee,106,265.0,17.9,0.2,Rainy
2024-10-07,Tea,68,136.0,17.9,0.2,Rainy
2024-10-07,Pastry,46,138.0,17.9,0.2,Rainy
2024-10-07,Juice,44,123.19999999999999,17.9,0.2,Rainy
2024-10-08,Coffee,95,237.5,22.1,2.5,Rainy
2024-10-08,Tea,52,104.0,22.1,2.5,Rainy
2024-10-08,Pastry,34,102.0,22.1,2.5,Rainy
2024-10-08,Juice,35,98.0,22.1,2.5,Rainy
2024-10-09,Coffee,84,210.0,24.1,0.5,Rainy
2024-10-09,Tea,57,114.0,24.1,0.5,Rainy
2024-10-09,Pastry,35,105.0,24.1,0.5,Rainy
2024-10-09,Juice,37,103.6,24.1,0.5,Rainy
2024-10-10,Coffee,92,230.0,24.3,1.0,Rainy
2024-10-10,Tea,45,90.0,24.3,1.0,Rainy
2024-10-10,Pastry,45,135.0,24.3,1.0,Rainy
2024-10-10,Juice,35,98.0,24.3,1.0,Rainy
2024-10-11,Coffee,102,255.0,28.6,0.0,Sunny
2024-10-11,Tea,64,128.0,28.6,0.0,Sunny
2024-10-11,Pastry,42,126.0,28.6,0.0,Sunny
2024-10-11,Juice,42,117.6,28.6,0.0,Sunny
2024-10-12,Coffee,113,282.5,23.2,0.0,Cloudy
2024-10-12,Tea,66,132.0,23.2,0.0,Cloudy
2024-10-12,Pastry,44,132.0,23.2,0.0,Cloudy
2024-10-12,Juice,34,95.19999999999999,23.2,0.0,Cloudy
2024-10-13,Coffee,110,275.0,21.4,1.9,Rainy
2024-10-13,Tea,62,124.0,21.4,1.9,Rainy
2024-10-13,Pastry,39,117.0,21.4,1.9,Rainy
2024-10-13,Juice,43,120.39999999999999,21.4,1.9,Rainy
2024-10-14,Coffee,100,250.0,23.7,0.5,Rainy
2024-10-14,Tea,65,130.0,23.7,0.5,Rainy
2024-10-14,Pastry,36,108.0,23.7,0.5,Rainy
2024-10-14,Juice,43,120.39999999999999,23.7,0.5,Rainy
2024-10-15,Coffee,105,262.5,23.8,0.0,Sunny
2024-10-15,Tea,51,102.0,23.8,0.0,Sunny
2024-10-15,Pastry,46,138.0,23.8,0.0,Sunny
2024-10-15,Juice,44,123.19999999999999,23.8,0.0,Sunny
2024-10-16,Coffee,101,252.5,27.5,8.1,Rainy
2024-10-16,Tea,58,116.0,27.5,8.1,Rainy
2024-10-16,Pastry,41,123.0,27.5,8.1,Rainy
2024-10-16,Juice,51,142.79999999999998,27.5,8.1,Rainy
2024-10-17,Coffee,83,207.5,23.6,0.0,Cloudy
2024-10-17,Tea,64,128.0,23.6,0.0,Cloudy
2024-10-17,Pastry,34,102.0,23.6,0.0,Cloudy
2024-10-17,Juice,36,100.8,23.6,0.0,Cloudy
2024-10-18,Coffee,115,287.5,24.5,0.1,Stormy
2024-10-18,Tea,69,138.0,24.5,0.1,Stormy
2024-10-18,Pastry,37,111.0,24.5,0.1,Stormy
2024-10-18,Juice,29,81.19999999999999,24.5,0.1,Stormy
2024-10-19,Coffee,99,247.5,23.0,0.0,Sunny
2024-10-19,Tea,48,96.0,23.0,0.0,Sunny
2024-10-19,Pastry,39,117.0,23.0,0.0,Sunny
2024-10-19,Juice,46,128.79999999999998,23.0,0.0,Sunny
2024-10-20,Coffee,92,230.0,22.9,0.0,Sunny
2024-10-20,Tea,54,108.0,22.9,0.0,Sunny
2024-10-20,Pastry,43,129.0,22.9,0.0,Sunny
2024-10-20,Juice,34,95.19999999999999,22.9,0.0,Sunny
2024-10-21,Coffee,88,220.0,27.6,0.0,Sunny
2024-10-21,Tea,60,120.0,27.6,0.0,Sunny
2024-10-21,Pastry,41,123.0,27.6,0.0,Sunny
2024-10-21,Juice,32,89.6,27.6,0.0,Sunny
2024-10-22,Coffee,88,220.0,23.9,0.0,Cloudy
2024-10-22,Tea,55,110.0,23.9,0.0,Cloudy
2024-10-22,Pastry,29,87.0,23.9,0.0,Cloudy
2024-10-22,Juice,36,100.8,23.9,0.0,Cloudy
2024-10-23,Coffee,107,267.5,21.4,0.0,Sunny
2024-10-23,Tea,64,128.0,21.4,0.0,Sunny
2024-10-23,Pastry,48,144.0,21.4,0.0,Sunny
2024-10-23,Juice,41,114.8,21.4,0.0,Sunny
2024-10-24,Coffee,96,240.0,18.0,5.5,Stormy
2024-10-24,Tea,60,120.0,18.0,5.5,Stormy
2024-10-24,Pastry,40,120.0,18.0,5.5,Stormy
2024-10-24,Juice,47,131.6,18.0,5.5,Stormy
2024-10-25,Coffee,108,270.0,16.9,1.5,Rainy
2024-10-25,Tea,52,104.0,16.9,1.5,Rainy
2024-10-25,Pastry,41,123.0,16.9,1.5,Rainy
2024-10-25,Juice,43,120.39999999999999,16.9,1.5,Rainy
2024-10-26,Coffee,96,240.0,22.2,0.0,Cloudy
2024-10-26,Tea,50,100.0,22.2,0.0,Cloudy
2024-10-26,Pastry,33,99.0,22.2,0.0,Cloudy
2024-10-26,Juice,34,95.19999999999999,22.2,0.0,Cloudy
2024-10-27,Coffee,102,255.0,23.1,8.8,Rainy
2024-10-27,Tea,57,114.0,23.1,8.8,Rainy
2024-10-27,Pastry,37,111.0,23.1,8.8,Rainy
2024-10-27,Juice,41,114.8,23.1,8.8,Rainy
2024-10-28,Coffee,89,222.5,24.4,0.0,Cloudy
2024-10-28,Tea,53,106.0,24.4,0.0,Cloudy
2024-10-28,Pastry,48,144.0,24.4,0.0,Cloudy
2024-10-28,Juice,35,98.0,24.4,0.0,Cloudy
2024-10-29,Coffee,88,220.0,23.6,3.5,Rainy
2024-10-29,Tea,56,112.0,23.6,3.5,Rainy
2024-10-29,Pastry,40,120.0,23.6,3.5,Rainy
2024-10-29,Juice,24,67.19999999999999,23.6,3.5,Rainy
2024-10-30,Coffee,92,230.0,28.7,0.0,Sunny
2024-10-30,Tea,59,118.0,28.7,0.0,Sunny
2024-10-30,Pastry,45,135.0,28.7,0.0,Sunny
2024-10-30,Juice,40,112.0,28.7,0.0,Sunny
2024-10-31,Coffee,89,222.5,28.5,0.0,Cloudy
2024-10-31,Tea,53,106.0,28.5,0.0,Cloudy
2024-10-31,Pastry,40,120.0,28.5,0.0,Cloudy
2024-10-31,Juice,50,140.0,28.5,0.0,Cloudy
2024-11-01,Coffee,78,195.0,23.9,0.0,Cloudy
2024-11-01,Tea,61,122.0,23.9,0.0,Cloudy
2024-11-01,Pastry,47,141.0,23.9,0.0,Cloudy
2024-11-01,Juice,35,98.0,23.9,0.0,Cloudy
2024-11-02,Coffee,93,232.5,25.7,0.0,Cloudy
2024-11-02,Tea,57,114.0,25.7,0.0,Cloudy
2024-11-02,Pastry,38,114.0,25.7,0.0,Cloudy
2024-11-02,Juice,31,86.8,25.7,0.0,Cloudy
2024-11-03,Coffee,105,262.5,22.3,0.0,Sunny
2024-11-03,Tea,74,148.0,22.3,0.0,Sunny
2024-11-03,Pastry,28,84.0,22.3,0.0,Sunny
2024-11-03,Juice,47,131.6,22.3,0.0,Sunny
2024-11-04,Coffee,93,232.5,22.9,0.0,Cloudy
2024-11-04,Tea,64,128.0,22.9,0.0,Cloudy
2024-11-04,Pastry,49,147.0,22.9,0.0,Cloudy
2024-11-04,Juice,36,100.8,22.9,0.0,Cloudy
2024-11-05,Coffee,106,265.0,21.4,0.0,Stormy
2024-11-05,Tea,56,112.0,21.4,0.0,Stormy
2024-11-05,Pastry,29,87.0,21.4,0.0,Stormy
2024-11-05,Juice,35,98.0,21.4,0.0,Stormy
2024-11-06,Coffee,84,210.0,23.9,0.2,Rainy
2024-11-06,Tea,62,124.0,23.9,0.2,Rainy
2024-11-06,Pastry,58,174.0,23.9,0.2,Rainy
2024-11-06,Juice,40,112.0,23.9,0.2,Rainy
2024-11-07,Coffee,105,262.5,24.4,0.0,Sunny
2024-11-07,Tea,66,132.0,24.4,0.0,Sunny
2024-11-07,Pastry,50,150.0,24.4,0.0,Sunny
2024-11-07,Juice,45,125.99999999999999,24.4,0.0,Sunny
2024-11-08,Coffee,97,242.5,26.9,0.0,Sunny
2024-11-08,Tea,72,144.0,26.9,0.0,Sunny
2024-11-08,Pastry,44,132.0,26.9,0.0,Sunny
2024-11-08,Juice,34,95.19999999999999,26.9,0.0,Sunny
2024-11-09,Coffee,98,245.0,21.6,0.0,Sunny
2024-11-09,Tea,49,98.0,21.6,0.0,Sunny
2024-11-09,Pastry,41,123.0,21.6,0.0,Sunny
2024-11-09,Juice,40,112.0,21.6,0.0,Sunny
2024-11-10,Coffee,86,215.0,21.4,0.0,Cloudy
2024-11-10,Tea,72,144.0,21.4,0.0,Cloudy
2024-11-10,Pastry,45,135.0,21.4,0.0,Cloudy
2024-11-10,Juice,52,145.6,21.4,0.0,Cloudy
2024-11-11,Coffee,105,262.5,24.3,0.0,Cloudy
2024-11-11,Tea,58,116.0,24.3,0.0,Cloudy
2024-11-11,Pastry,46,138.0,24.3,0.0,Cloudy
2024-11-11,Juice,41,114.8,24.3,0.0,Cloudy
2024-11-12,Coffee,107,267.5,25.4,0.0,Sunny
2024-11-12,Tea,64,128.0,25.4,0.0,Sunny
2024-11-12,Pastry,30,90.0,25.4,0.0,Sunny
2024-11-12,Juice,41,114.8,25.4,0.0,Sunny
2024-11-13,Coffee,95,237.5,20.0,4.3,Rainy
2024-11-13,Tea,59,118.0,20.0,4.3,Rainy
2024-11-13,Pastry,42,126.0,20.0,4.3,Rainy
2024-11-13,Juice,41,114.8,20.0,4.3,Rainy
2024-11-14,Coffee,96,240.0,21.7,1.1,Rainy
2024-11-14,Tea,56,112.0,21.7,1.1,Rainy
2024-11-14,Pastry,29,87.0,21.7,1.1,Rainy
2024-11-14,Juice,40,112.0,21.7,1.1,Rainy
2024-11-15,Coffee,96,240.0,29.0,0.0,Sunny
2024-11-15,Tea,68,136.0,29.0,0.0,Sunny
2024-11-15,Pastry,39,117.0,29.0,0.0,Sunny
2024-11-15,Juice,52,145.6,29.0,0.0,Sunny
2024-11-16,Coffee,99,247.5,23.0,0.1,Rainy
2024-11-16,Tea,51,102.0,23.0,0.1,Rainy
2024-11-16,Pastry,44,132.0,23.0,0.1,Rainy
2024-11-16,Juice,38,106.39999999999999,23.0,0.1,Rainy
2024-11-17,Coffee,120,300.0,30.9,0.0,Cloudy
2024-11-17,Tea,46,92.0,30.9,0.0,Cloudy
2024-11-17,Pastry,41,123.0,30.9,0.0,Cloudy
2024-11-17,Juice,42,117.6,30.9,0.0,Cloudy
2024-11-18,Coffee,97,242.5,24.1,0.0,Sunny
2024-11-18,Tea,64,128.0,24.1,0.0,Sunny
2024-11-18,Pastry,38,114.0,24.1,0.0,Sunny
2024-11-18,Juice,33,92.39999999999999,24.1,0.0,Sunny
2024-11-19,Coffee,98,245.0,22.6,0.0,Sunny
2024-11-19,Tea,71,142.0,22.6,0.0,Sunny
2024-11-19,Pastry,35,105.0,22.6,0.0,Sunny
2024-11-19,Juice,42,117.6,22.6,0.0,Sunny
2024-11-20,Coffee,105,262.5,25.6,0.0,Sunny
2024-11-20,Tea,65,130.0,25.6,0.0,Sunny
2024-11-20,Pastry,32,96.0,25.6,0.0,Sunny
2024-11-20,Juice,41,114.8,25.6,0.0,Sunny
2024-11-21,Coffee,96,240.0,29.9,0.0,Sunny
2024-11-21,Tea,54,108.0,29.9,0.0,Sunny
2024-11-21,Pastry,40,120.0,29.9,0.0,Sunny
2024-11-21,Juice,36,100.8,29.9,0.0,Sunny
2024-11-22,Coffee,107,267.5,24.7,0.0,Sunny
2024-11-22,Tea,64,128.0,24.7,0.0,Sunny
2024-11-22,Pastry,54,162.0,24.7,0.0,Sunny
2024-11-22,Juice,46,128.79999999999998,24.7,0.0,Sunny
2024-11-23,Coffee,103,257.5,26.3,0.1,Stormy
2024-11-23,Tea,64,128.0,26.3,0.1,Stormy
2024-11-23,Pastry,53,159.0,26.3,0.1,Stormy
2024-11-23,Juice,42,117.6,26.3,0.1,Stormy
2024-11-24,Coffee,89,222.5,18.3,0.0,Sunny
2024-11-24,Tea,58,116.0,18.3,0.0,Sunny
2024-11-24,Pastry,49,147.0,18.3,0.0,Sunny
2024-11-24,Juice,38,106.39999999999999,18.3,0.0,Sunny
2024-11-25,Coffee,105,262.5,28.8,0.0,Sunny
2024-11-25,Tea,51,102.0,28.8,0.0,Sunny
2024-11-25,Pastry,62,186.0,28.8,0.0,Sunny
2024-11-25,Juice,35,98.0,28.8,0.0,Sunny
2024-11-26,Coffee,102,255.0,20.2,0.1,Rainy
2024-11-26,Tea,55,110.0,20.2,0.1,Rainy
2024-11-26,Pastry,42,126.0,20.2,0.1,Rainy
2024-11-26,Juice,36,100.8,20.2,0.1,Rainy
2024-11-27,Coffee,116,290.0,24.7,0.0,Sunny
2024-11-27,Tea,61,122.0,24.7,0.0,Sunny
2024-11-27,Pastry,39,117.0,24.7,0.0,Sunny
2024-11-27,Juice,46,128.79999999999998,24.7,0.0,Sunny
2024-11-28,Coffee,95,237.5,24.7,0.0,Sunny
2024-11-28,Tea,47,94.0,24.7,0.0,Sunny
2024-11-28,Pastry,45,135.0,24.7,0.0,Sunny
2024-11-28,Juice,40,112.0,24.7,0.0,Sunny
2024-11-29,Coffee,97,242.5,22.3,0.0,Sunny
2024-11-29,Tea,51,102.0,22.3,0.0,Sunny
2024-11-29,Pastry,46,138.0,22.3,0.0,Sunny
2024-11-29,Juice,32,89.6,22.3,0.0,Sunny
2024-11-30,Coffee,105,262.5,21.5,0.0,Sunny
2024-11-30,Tea,65,130.0,21.5,0.0,Sunny
2024-11-30,Pastry,43,129.0,21.5,0.0,Sunny
2024-11-30,Juice,36,100.8,21.5,0.0,Sunny
2024-12-01,Coffee,92,230.0,19.7,0.0,Sunny
2024-12-01,Tea,68,136.0,19.7,0.0,Sunny
2024-12-01,Pastry,47,141.0,19.7,0.0,Sunny
2024-12-01,Juice,33,92.39999999999999,19.7,0.0,Sunny
2024-12-02,Coffee,105,262.5,21.4,0.0,Sunny
2024-12-02,Tea,70,140.0,21.4,0.0,Sunny
2024-12-02,Pastry,39,117.0,21.4,0.0,Sunny
2024-12-02,Juice,38,106.39999999999999,21.4,0.0,Sunny
2024-12-03,Coffee,102,255.0,27.7,0.0,Sunny
2024-12-03,Tea,64,128.0,27.7,0.0,Sunny
2024-12-03,Pastry,41,123.0,27.7,0.0,Sunny
2024-12-03,Juice,34,95.19999999999999,27.7,0.0,Sunny
2024-12-04,Coffee,95,237.5,27.7,0.0,Sunny
2024-12-04,Tea,62,124.0,27.7,0.0,Sunny
2024-12-04,Pastry,43,129.0,27.7,0.0,Sunny
2024-12-04,Juice,39,109.19999999999999,27.7,0.0,Sunny
2024-12-05,Coffee,91,227.5,26.4,0.0,Cloudy
2024-12-05,Tea,53,106.0,26.4,0.0,Cloudy
2024-12-05,Pastry,45,135.0,26.4,0.0,Cloudy
2024-12-05,Juice,27,75.6,26.4,0.0,Cloudy
2024-12-06,Coffee,99,247.5,22.5,0.0,Cloudy
2024-12-06,Tea,56,112.0,22.5,0.0,Cloudy
2024-12-06,Pastry,35,105.0,22.5,0.0,Cloudy
2024-12-06,Juice,42,117.6,22.5,0.0,Cloudy
2024-12-07,Coffee,89,222.5,28.7,0.0,Cloudy
2024-12-07,Tea,62,124.0,28.7,0.0,Cloudy
2024-12-07,Pastry,40,120.0,28.7,0.0,Cloudy
2024-12-07,Juice,30,84.0,28.7,0.0,Cloudy
2024-12-08,Coffee,88,220.0,24.5,0.0,Sunny
2024-12-08,Tea,55,110.0,24.5,0.0,Sunny
2024-12-08,Pastry,46,138.0,24.5,0.0,Sunny
2024-12-08,Juice,36,100.8,24.5,0.0,Sunny
2024-12-09,Coffee,91,227.5,27.3,0.0,Sunny
2024-12-09,Tea,63,126.0,27.3,0.0,Sunny
2024-12-09,Pastry,37,111.0,27.3,0.0,Sunny
2024-12-09,Juice,41,114.8,27.3,0.0,Sunny
2024-12-10,Coffee,85,212.5,25.7,0.0,Sunny
2024-12-10,Tea,65,130.0,25.7,0.0,Sunny
2024-12-10,Pastry,31,93.0,25.7,0.0,Sunny
2024-12-10,Juice,44,123.19999999999999,25.7,0.0,Sunny
2024-12-11,Coffee,102,255.0,26.9,0.0,Sunny
2024-12-11,Tea,47,94.0,26.9,0.0,Sunny
2024-12-11,Pastry,38,114.0,26.9,0.0,Sunny
2024-12-11,Juice,38,106.39999999999999,26.9,0.0,Sunny
2024-12-12,Coffee,98,245.0,23.1,0.0,Sunny
2024-12-12,Tea,62,124.0,23.1,0.0,Sunny
2024-12-12,Pastry,37,111.0,23.1,0.0,Sunny
2024-12-12,Juice,38,106.39999999999999,23.1,0.0,Sunny
2024-12-13,Coffee,94,235.0,24.1,0.0,Cloudy
2024-12-13,Tea,63,126.0,24.1,0.0,Cloudy
2024-12-13,Pastry,41,123.0,24.1,0.0,Cloudy
2024-12-13,Juice,44,123.19999999999999,24.1,0.0,Cloudy
2024-12-14,Coffee,90,225.0,27.3,2.4,Rainy
2024-12-14,Tea,55,110.0,27.3,2.4,Rainy
2024-12-14,Pastry,42,126.0,27.3,2.4,Rainy
2024-12-14,Juice,34,95.19999999999999,27.3,2.4,Rainy
2024-12-15,Coffee,99,247.5,25.0,0.3,Stormy
2024-12-15,Tea,61,122.0,25.0,0.3,Stormy
2024-12-15,Pastry,27,81.0,25.0,0.3,Stormy
2024-12-15,Juice,42,117.6,25.0,0.3,Stormy
2024-12-16,Coffee,106,265.0,28.3,0.0,Sunny
2024-12-16,Tea,55,110.0,28.3,0.0,Sunny
2024-12-16,Pastry,49,147.0,28.3,0.0,Sunny
2024-12-16,Juice,41,114.8,28.3,0.0,Sunny
2024-12-17,Coffee,104,260.0,26.4,0.0,Sunny
2024-12-17,Tea,52,104.0,26.4,0.0,Sunny
2024-12-17,Pastry,41,123.0,26.4,0.0,Sunny
2024-12-17,Juice,50,140.0,26.4,0.0,Sunny
2024-12-18,Coffee,105,262.5,21.9,0.0,Sunny
2024-12-18,Tea,66,132.0,21.9,0.0,Sunny
2024-12-18,Pastry,38,114.0,21.9,0.0,Sunny
2024-12-18,Juice,35,98.0,21.9,0.0,Sunny
2024-12-19,Coffee,80,200.0,28.7,0.0,Cloudy
2024-12-19,Tea,60,120.0,28.7,0.0,Cloudy
2024-12-19,Pastry,39,117.0,28.7,0.0,Cloudy
2024-12-19,Juice,38,106.39999999999999,28.7,0.0,Cloudy
2024-12-20,Coffee,98,245.0,16.6,2.7,Rainy
2024-12-20,Tea,76,152.0,16.6,2.7,Rainy
2024-12-20,Pastry,55,165.0,16.6,2.7,Rainy
2024-12-20,Juice,40,112.0,16.6,2.7,Rainy
2024-12-21,Coffee,97,242.5,20.9,0.0,Cloudy
2024-12-21,Tea,50,100.0,20.9,0.0,Cloudy
2024-12-21,Pastry,33,99.0,20.9,0.0,Cloudy
2024-12-21,Juice,34,95.19999999999999,20.9,0.0,Cloudy
2024-12-22,Coffee,102,255.0,28.0,0.0,Cloudy
2024-12-22,Tea,68,136.0,28.0,0.0,Cloudy
2024-12-22,Pastry,29,87.0,28.0,0.0,Cloudy
2024-12-22,Juice,50,140.0,28.0,0.0,Cloudy
2024-12-23,Coffee,88,220.0,25.8,0.0,Sunny
2024-12-23,Tea,58,116.0,25.8,0.0,Sunny
2024-12-23,Pastry,45,135.0,25.8,0.0,Sunny
2024-12-23,Juice,47,131.6,25.8,0.0,Sunny
2024-12-24,Coffee,109,272.5,28.3,0.0,Sunny
2024-12-24,Tea,76,152.0,28.3,0.0,Sunny
2024-12-24,Pastry,33,99.0,28.3,0.0,Sunny
2024-12-24,Juice,40,112.0,28.3,0.0,Sunny
2024-12-25,Coffee,99,247.5,23.3,2.8,Rainy
2024-12-25,Tea,77,154.0,23.3,2.8,Rainy
2024-12-25,Pastry,46,138.0,23.3,2.8,Rainy
2024-12-25,Juice,32,89.6,23.3,2.8,Rainy
2024-12-26,Coffee,103,257.5,23.3,0.0,Cloudy
2024-12-26,Tea,57,114.0,23.3,0.0,Cloudy
2024-12-26,Pastry,39,117.0,23.3,0.0,Cloudy
2024-12-26,Juice,42,117.6,23.3,0.0,Cloudy
2024-12-27,Coffee,102,255.0,24.6,0.0,Cloudy
2024-12-27,Tea,63,126.0,24.6,0.0,Cloudy
2024-12-27,Pastry,42,126.0,24.6,0.0,Cloudy
2024-12-27,Juice,56,156.79999999999998,24.6,0.0,Cloudy
2024-12-28,Coffee,102,255.0,26.7,0.0,Cloudy
2024-12-28,Tea,44,88.0,26.7,0.0,Cloudy
2024-12-28,Pastry,45,135.0,26.7,0.0,Cloudy
2024-12-28,Juice,34,95.19999999999999,26.7,0.0,Cloudy
2024-12-29,Coffee,98,245.0,21.2,0.0,Sunny
2024-12-29,Tea,52,104.0,21.2,0.0,Sunny
2024-12-29,Pastry,38,114.0,21.2,0.0,Sunny
2024-12-29,Juice,38,106.39999999999999,21.2,0.0,Sunny
2024-12-30,Coffee,88,220.0,28.3,0.0,Sunny
2024-12-30,Tea,45,90.0,28.3,0.0,Sunny
2024-12-30,Pastry,41,123.0,28.3,0.0,Sunny
2024-12-30,Juice,49,137.2,28.3,0.0,Sunny
2024-12-31,Coffee,85,212.5,23.9,0.1,Stormy
2024-12-31,Tea,52,104.0,23.9,0.1,Stormy
2024-12-31,Pastry,43,129.0,23.9,0.1,Stormy
2024-12-31,Juice,53,148.39999999999998,23.9,0.1,Stormy
